category_id,locus_tag,gene,category1,category2,category3,category4,category5
SW 3.1.1,BSU00010,dnaA,Information processing,Genetics,DNA replication,NA,NA
SW 3.1.1,BSU00020,dnaN,Information processing,Genetics,DNA replication,NA,NA
SW 4.2.1.5,BSU00080,yaaC,Lifestyles,Sporulation,Sporulation proteins,Newly identified sporulation proteins (based on transcription profiling),NA
SW 2.6.2.12,BSU00110,pdxS,Metabolism,Additional metabolic pathways,Biosynthesis of cofactors,Biosynthesis of pyridoxal phosphate,NA
SW 4.2.1.1.1,BSU00160,yaaH,Lifestyles,Sporulation,Sporulation proteins,Spore coat proteins,Class I
SW 4.2.1.4,BSU00230,bofA,Lifestyles,Sporulation,Sporulation proteins,Sporulation proteins/ other,NA
SW 4.2.1.4,BSU00240,csfB,Lifestyles,Sporulation,Sporulation proteins,Sporulation proteins/ other,NA
SW 4.2.2,BSU00320,yaaT,Lifestyles,Sporulation,phosphorelay,NA,NA
SW 3.4.6,BSU00370,abrB,Information processing,Regulation of gene expression,Transition state regulators,NA,NA
SW 3.3.1.2,BSU00420,ksgA,Information processing,"Protein synthesis, modification and degradation",Translation,rRNA modification and maturation,NA
SW 4.2.1.1.8,BSU00430,yabG,Lifestyles,Sporulation,Sporulation proteins,Spore coat proteins,Not yet assigned
SW 4.2.1.3,BSU00450,sspF,Lifestyles,Sporulation,Sporulation proteins,Small acid-soluble spore proteins,NA
SW 2.4.2.3,BSU00460,ispE,Metabolism,Lipid metabolism,Biosynthesis of lipids,Biosynthesis of isoprenoids,NA
SW 2.5.2.1,BSU00470,purR,Metabolism,Nucleotide metabolism,Biosynthesis/ acquisition of nucleotides,Biosynthesis/ acquisition of purine nucleotides,NA
SW 2.3.1.12,BSU00480,yabJ,Metabolism,Amino acid/ nitrogen metabolism,Biosynthesis/ acquisition of amino acids,Biosynthesis/ acquisition of branched-chain amino acids,NA
SW 4.2.3,BSU00490,spoVG,Lifestyles,Sporulation,Sporulation/ other,NA,NA
SW 4.3.1,BSU00530,spoVC,Lifestyles,Coping with stress,General stress proteins (controlled by SigB),NA,NA
SW 4.2.1.4,BSU00540,fin,Lifestyles,Sporulation,Sporulation proteins,Sporulation proteins/ other,NA
SW 3.1.5,BSU00550,mfd,Information processing,Genetics,DNA repair/ recombination,NA,NA
SW 4.2.1.4,BSU00560,spoVT,Lifestyles,Sporulation,Sporulation proteins,Sporulation proteins/ other,NA
SW 4.2.1.4,BSU00600,yabP,Lifestyles,Sporulation,Sporulation proteins,Sporulation proteins/ other,NA
SW 4.2.1.4,BSU00610,yabQ,Lifestyles,Sporulation,Sporulation proteins,Sporulation proteins/ other,NA
SW 4.2.1.4,BSU00620,divIC,Lifestyles,Sporulation,Sporulation proteins,Sporulation proteins/ other,NA
SW 4.2.1.4,BSU00630,yabR,Lifestyles,Sporulation,Sporulation proteins,Sporulation proteins/ other,NA
SW 3.4.1.2,BSU00640,spoIIE,Information processing,Regulation of gene expression,Sigma factors and their control,Control of sigma factors,NA
SW 4.2.1.5,BSU00650,yabS,Lifestyles,Sporulation,Sporulation proteins,Newly identified sporulation proteins (based on transcription profiling),NA
SW 4.2.1.4,BSU00660,yabT,Lifestyles,Sporulation,Sporulation proteins,Sporulation proteins/ other,NA
SW 4.2.1.4,BSU00840,mcsA,Lifestyles,Sporulation,Sporulation proteins,Sporulation proteins/ other,NA
SW 4.2.1.4,BSU00850,mcsB,Lifestyles,Sporulation,Sporulation proteins,Sporulation proteins/ other,NA
SW 4.2.1.4,BSU00860,clpC,Lifestyles,Sporulation,Sporulation proteins,Sporulation proteins/ other,NA
SW 4.2.3,BSU00880,disA,Lifestyles,Sporulation,Sporulation/ other,NA,NA
SW 3.2.1.2,BSU00980,sigH,Information processing,RNA synthesis and degradation,Transcription,Sigma factors,NA
SW 4.2.1.4,BSU01520,ybaK,Lifestyles,Sporulation,Sporulation proteins,Sporulation proteins/ other,NA
SW 4.2.1.4,BSU01530,cwlD,Lifestyles,Sporulation,Sporulation proteins,Sporulation proteins/ other,NA
SW 4.2.4.2,BSU01550,gerD,Lifestyles,Sporulation,Germination,Additional germination proteins,NA
SW 4.2.2.2,BSU01560,kbaA,Lifestyles,Sporulation,phosphorelay,Proteins controlling the activity of the kinases,NA
SW 4.2.1.4,BSU01570,pdaB,Lifestyles,Sporulation,Sporulation proteins,Sporulation proteins/ other,NA
SW 1.2.4.12,BSU01590,ybaS,Cellular processes,Transporters,Transporters/ other,Other transporters,NA
SW 4.2.1.5,BSU01650,ybbC,Lifestyles,Sporulation,Sporulation proteins,Newly identified sporulation proteins (based on transcription profiling),NA
SW 1.1.3.3,BSU01660,nagZ,Cellular processes,Cell envelope and cell division,Cell wall degradation/ turnover,Utilization of cell wall components,NA
SW 1.1.3.3,BSU01670,amiE,Cellular processes,Cell envelope and cell division,Cell wall degradation/ turnover,Utilization of cell wall components,NA
SW 1.1.3.3,BSU01680,murP,Cellular processes,Cell envelope and cell division,Cell wall degradation/ turnover,Utilization of cell wall components,NA
SW 3.1.5,BSU01800,alkA,Information processing,Genetics,DNA repair/ recombination,NA,NA
SW 3.3.4.2,BSU02030,prkD,Information processing,"Protein synthesis, modification and degradation",Protein modification,Protein kinases,NA
SW 4.2.4.2,BSU02070,csgA,Lifestyles,Sporulation,Germination,Additional germination proteins,NA
SW 4.2.1.4,BSU02080,ybxH,Lifestyles,Sporulation,Sporulation proteins,Sporulation proteins/ other,NA
SW 4.2.1.5,BSU02150,ybeF,Lifestyles,Sporulation,Sporulation proteins,Newly identified sporulation proteins (based on transcription profiling),NA
SW 2.3.3.5,BSU02240,mpr,Metabolism,Amino acid/ nitrogen metabolism,Utilization of nitrogen sources other than amino acids,Utilization of proteins,NA
SW 4.2.1.5,BSU02250,ybfJ,Lifestyles,Sporulation,Sporulation proteins,Newly identified sporulation proteins (based on transcription profiling),NA
SW 4.2.1.1.3,BSU02600,cwlJ,Lifestyles,Sporulation,Sporulation proteins,Spore coat proteins,Class III
SW 4.1.1.4,BSU02780,ycdA,Lifestyles,Exponential and early post-exponential lifestyles,Motility and chemotaxis,Motility and chemotaxis/ other,NA
SW 3.3.4.4,BSU02820,rapJ,Information processing,"Protein synthesis, modification and degradation",Protein modification,Protein phosphatases,NA
SW 4.3.1,BSU02840,ycdG,Lifestyles,Coping with stress,General stress proteins (controlled by SigB),NA,NA
SW 4.2.1.4,BSU03090,ycgF,Lifestyles,Sporulation,Sporulation proteins,Sporulation proteins/ other,NA
SW 4.2.1.4,BSU03100,ycgG,Lifestyles,Sporulation,Sporulation proteins,Sporulation proteins/ other,NA
SW 4.2.1.5,BSU03110,ycgH,Lifestyles,Sporulation,Sporulation proteins,Newly identified sporulation proteins (based on transcription profiling),NA
SW 4.2.1.5,BSU03120,ycgI,Lifestyles,Sporulation,Sporulation proteins,Newly identified sporulation proteins (based on transcription profiling),NA
SW 4.3.13,BSU03140,tmrB,Lifestyles,Coping with stress,Resistance against toxins/ antibiotics,NA,NA
SW 4.2.1.5,BSU03190,ycgL,Lifestyles,Sporulation,Sporulation proteins,Newly identified sporulation proteins (based on transcription profiling),NA
SW 4.2.1.4,BSU03390,yckC,Lifestyles,Sporulation,Sporulation proteins,Sporulation proteins/ other,NA
SW 4.2.1.4,BSU03400,yckD,Lifestyles,Sporulation,Sporulation proteins,Sporulation proteins/ other,NA
SW 1.2.4.2,BSU03670,dtpT,Cellular processes,Transporters,Transporters/ other,Peptide transporter,NA
SW 4.2.4.1,BSU03690,gerKD,Lifestyles,Sporulation,Germination,Germinant receptors,NA
SW 4.2.4.1,BSU03700,gerKA,Lifestyles,Sporulation,Germination,Germinant receptors,NA
SW 4.2.4.1,BSU03710,gerKC,Lifestyles,Sporulation,Germination,Germinant receptors,NA
SW 4.2.4.1,BSU03720,gerKB,Lifestyles,Sporulation,Germination,Germinant receptors,NA
SW 3.1.7,BSU03770,rapC,Information processing,Genetics,Genetic competence,NA,NA
SW 3.1.7,BSU03780,phrC,Information processing,Genetics,Genetic competence,NA,NA
SW 4.2.1.4,BSU03920,glcU,Lifestyles,Sporulation,Sporulation proteins,Sporulation proteins/ other,NA
SW 4.2.4.2,BSU03930,gdh,Lifestyles,Sporulation,Germination,Additional germination proteins,NA
SW 4.2.2.2,BSU04080,pxpB,Lifestyles,Sporulation,phosphorelay,Proteins controlling the activity of the kinases,NA
SW 4.2.2.2,BSU04090,pxpC,Lifestyles,Sporulation,phosphorelay,Proteins controlling the activity of the kinases,NA
SW 4.2.2,BSU04100,kipR,Lifestyles,Sporulation,phosphorelay,NA,NA
SW 4.2.1.1.5,BSU04110,lipC,Lifestyles,Sporulation,Sporulation proteins,Spore coat proteins,Class V
SW 6.2,BSU04480,ydbI,Groups of genes,Membrane proteins,NA,NA,NA
SW 1.1.1.1,BSU04570,murF,Cellular processes,Cell envelope and cell division,Cell wall synthesis,Biosynthesis of peptidoglycan,NA
SW 4.2.1.4,BSU04610,ydcA,Lifestyles,Sporulation,Sporulation proteins,Sporulation proteins/ other,NA
SW 4.2.1.4,BSU04630,ydcC,Lifestyles,Sporulation,Sporulation proteins,Sporulation proteins/ other,NA
SW 5.2.1,BSU04850,ydcP,Prophages and mobile genetic elements,Mobile genetic elements,ICEBs1,NA,NA
SW 3.3.4.4,BSU05010,rapI,Information processing,"Protein synthesis, modification and degradation",Protein modification,Protein phosphatases,NA
SW 4.2.2,BSU05050,lrpA,Lifestyles,Sporulation,phosphorelay,NA,NA
SW 4.2.2,BSU05060,lrpB,Lifestyles,Sporulation,phosphorelay,NA,NA
SW 4.2.1.5,BSU05520,ydzH,Lifestyles,Sporulation,Sporulation proteins,Newly identified sporulation proteins (based on transcription profiling),NA
SW 4.2.1.5,BSU05529,ydzR,Lifestyles,Sporulation,Sporulation proteins,Newly identified sporulation proteins (based on transcription profiling),NA
SW 4.2.1.4,BSU05530,ydfR,Lifestyles,Sporulation,Sporulation proteins,Sporulation proteins/ other,NA
SW 4.2.1.4,BSU05540,ydfS,Lifestyles,Sporulation,Sporulation proteins,Sporulation proteins/ other,NA
SW 4.2.1.1.5,BSU05550,cotP,Lifestyles,Sporulation,Sporulation proteins,Spore coat proteins,Class V
SW 4.2.1.4,BSU05560,ydgA,Lifestyles,Sporulation,Sporulation proteins,Sporulation proteins/ other,NA
SW 4.2.1.4,BSU05570,ydgB,Lifestyles,Sporulation,Sporulation proteins,Sporulation proteins/ other,NA
SW 4.2.1.1.8,BSU05710,ydhD,Lifestyles,Sporulation,Sporulation proteins,Spore coat proteins,Not yet assigned
SW 4.2.1.4,BSU05730,ydhF,Lifestyles,Sporulation,Sporulation proteins,Sporulation proteins/ other,NA
SW 4.2.1.4,BSU05740,phoB,Lifestyles,Sporulation,Sporulation proteins,Sporulation proteins/ other,NA
SW 4.2.1.4,BSU06280,ydjP,Lifestyles,Sporulation,Sporulation proteins,Sporulation proteins/ other,NA
SW 4.2.1.4,BSU06290,yeaA,Lifestyles,Sporulation,Sporulation proteins,Sporulation proteins/ other,NA
SW 4.2.1.1.5,BSU06300,cotA,Lifestyles,Sporulation,Sporulation proteins,Spore coat proteins,Class V
SW 6.7,BSU06390,yebD,Groups of genes,Proteins of unknown function,NA,NA,NA
SW 4.2.1.5,BSU06559,yezF,Lifestyles,Sporulation,Sporulation proteins,Newly identified sporulation proteins (based on transcription profiling),NA
SW 3.4.2.6,BSU06580,yerC,Information processing,Regulation of gene expression,Transcription factors and their control,Transcription factor/ other/ based on similarity,NA
SW 4.2.2.5,BSU06830,rapH,Lifestyles,Sporulation,phosphorelay,Phosphatases controlling the phosphorelay,NA
SW 4.2.2,BSU06839,phrH,Lifestyles,Sporulation,phosphorelay,NA,NA
SW 4.2.1.1.5,BSU06850,yeeK,Lifestyles,Sporulation,Sporulation proteins,Spore coat proteins,Class V
SW 4.2.1.1.8,BSU06890,cotJA,Lifestyles,Sporulation,Sporulation proteins,Spore coat proteins,Not yet assigned
SW 4.2.1.1.8,BSU06900,cotJB,Lifestyles,Sporulation,Sporulation proteins,Spore coat proteins,Not yet assigned
SW 4.2.1.1.8,BSU06910,cotJC,Lifestyles,Sporulation,Sporulation proteins,Spore coat proteins,Not yet assigned
SW 4.2.1.4,BSU06920,yesJ,Lifestyles,Sporulation,Sporulation proteins,Sporulation proteins/ other,NA
SW 4.2.1.4,BSU06930,yesK,Lifestyles,Sporulation,Sporulation proteins,Sporulation proteins/ other,NA
SW 2.2.2.26,BSU07050,yesW,Metabolism,Carbon metabolism,Utilization of specific carbon sources,Utilization of pectin,NA
SW 4.2.1.5,BSU07130,lplD,Lifestyles,Sporulation,Sporulation proteins,Newly identified sporulation proteins (based on transcription profiling),NA
SW 4.2.1.5,BSU07140,yetF,Lifestyles,Sporulation,Sporulation proteins,Newly identified sporulation proteins (based on transcription profiling),NA
SW 4.2.1.5,BSU07250,yetO,Lifestyles,Sporulation,Sporulation proteins,Newly identified sporulation proteins (based on transcription profiling),NA
SW 4.2.1.4,BSU07270,yfnH,Lifestyles,Sporulation,Sporulation proteins,Sporulation proteins/ other,NA
SW 4.2.1.4,BSU07280,yfnG,Lifestyles,Sporulation,Sporulation proteins,Sporulation proteins/ other,NA
SW 4.2.1.4,BSU07290,yfnF,Lifestyles,Sporulation,Sporulation proteins,Sporulation proteins/ other,NA
SW 4.2.1.4,BSU07300,yfnE,Lifestyles,Sporulation,Sporulation proteins,Sporulation proteins/ other,NA
SW 4.2.1.4,BSU07310,yfnD,Lifestyles,Sporulation,Sporulation proteins,Sporulation proteins/ other,NA
SW 4.2.1.5,BSU07540,yfmA,Lifestyles,Sporulation,Sporulation proteins,Newly identified sporulation proteins (based on transcription profiling),NA
SW 1.2.4.4,BSU07610,citM,Cellular processes,Transporters,Transporters/ other,Transporter for organic acids,NA
SW 4.2.1.5,BSU07620,yflN,Lifestyles,Sporulation,Sporulation proteins,Newly identified sporulation proteins (based on transcription profiling),NA
SW 4.2.1.5,BSU07660,yflJ,Lifestyles,Sporulation,Sporulation proteins,Newly identified sporulation proteins (based on transcription profiling),NA
SW 4.2.5,BSU07760,yfkT,Lifestyles,Sporulation,Germination/ based on similarity,NA,NA
SW 4.2.5,BSU07770,yfkS,Lifestyles,Sporulation,Germination/ based on similarity,NA,NA
SW 4.2.5,BSU07780,yfkR,Lifestyles,Sporulation,Germination/ based on similarity,NA,NA
SW 4.2.5,BSU07790,yfkQ,Lifestyles,Sporulation,Germination/ based on similarity,NA,NA
SW 2.1.4,BSU07830,hypO,Metabolism,Electron transport and ATP synthesis,Electron transport/ other/ based on similarity,NA,NA
SW 4.2.1.4,BSU07920,chaA,Lifestyles,Sporulation,Sporulation proteins,Sporulation proteins/ other,NA
SW 4.3.1,BSU07930,yfkD,Lifestyles,Coping with stress,General stress proteins (controlled by SigB),NA,NA
SW 4.2.1.4,BSU07980,pdaA,Lifestyles,Sporulation,Sporulation proteins,Sporulation proteins/ other,NA
SW 2.2.2.2,BSU08080,acoC,Metabolism,Carbon metabolism,Utilization of specific carbon sources,Utilization of acetoin,NA
SW 4.2.1.3,BSU08110,sspH,Lifestyles,Sporulation,Sporulation proteins,Small acid-soluble spore proteins,NA
SW 6.4.5,BSU08150,yfjC,Groups of genes,Phosphoproteins,Phosphorylation on a Ser residue,NA,NA
SW 4.2.1.4,BSU08490,yfhD,Lifestyles,Sporulation,Sporulation proteins,Sporulation proteins/ other,NA
SW 4.3.1,BSU08500,yfhE,Lifestyles,Coping with stress,General stress proteins (controlled by SigB),NA,NA
SW 4.2.1.3,BSU08550,sspK,Lifestyles,Sporulation,Sporulation proteins,Small acid-soluble spore proteins,NA
SW 4.3.1,BSU08590,yfhM,Lifestyles,Coping with stress,General stress proteins (controlled by SigB),NA,NA
SW 6.2,BSU08620,yfhP,Groups of genes,Membrane proteins,NA,NA,NA
SW 4.2.1.4,BSU08640,yfhS,Lifestyles,Sporulation,Sporulation proteins,Sporulation proteins/ other,NA
SW 4.2.1.4,BSU08650,fabL,Lifestyles,Sporulation,Sporulation proteins,Sporulation proteins/ other,NA
SW 4.2.1.3,BSU08660,sspE,Lifestyles,Sporulation,Sporulation proteins,Small acid-soluble spore proteins,NA
SW 6.7,BSU08670,ygaB,Groups of genes,Proteins of unknown function,NA,NA,NA
SW 6.2,BSU08700,ygaE,Groups of genes,Membrane proteins,NA,NA,NA
SW 4.2.3,BSU08760,spo0M,Lifestyles,Sporulation,Sporulation/ other,NA,NA
SW 4.2.1.5,BSU08770,ygzA,Lifestyles,Sporulation,Sporulation proteins,Newly identified sporulation proteins (based on transcription profiling),NA
SW 4.2.1.5,BSU08779,ygzC,Lifestyles,Sporulation,Sporulation proteins,Newly identified sporulation proteins (based on transcription profiling),NA
SW 4.2.1.1.8,BSU08800,ygaK,Lifestyles,Sporulation,Sporulation proteins,Spore coat proteins,Not yet assigned
SW 4.3.8,BSU08820,katA,Lifestyles,Coping with stress,Resistance against oxidative and electrophile stress,NA,NA
SW 3.3.1.8,BSU08910,queG,Information processing,"Protein synthesis, modification and degradation",Translation,tRNA modification and maturation,NA
SW 4.2.1.1.8,BSU08920,yhbB,Lifestyles,Sporulation,Sporulation proteins,Spore coat proteins,Not yet assigned
SW 3.3.1.8,BSU08930,cspR,Information processing,"Protein synthesis, modification and degradation",Translation,tRNA modification and maturation,NA
SW 4.2.1.4,BSU08970,prkA,Lifestyles,Sporulation,Sporulation proteins,Sporulation proteins/ other,NA
SW 4.2.1.4,BSU08980,yhbH,Lifestyles,Sporulation,Sporulation proteins,Sporulation proteins/ other,NA
SW 6.2,BSU09000,yhbJ,Groups of genes,Membrane proteins,NA,NA,NA
SW 1.2.4.11,BSU09010,yhcA,Cellular processes,Transporters,Transporters/ other,Other exporters,NA
SW 6.6,BSU09020,yhcB,Groups of genes,Poorly characterized/ putative enzymes,NA,NA,NA
SW 6.2,BSU09030,yhcC,Groups of genes,Membrane proteins,NA,NA,NA
SW 4.2.1.4,BSU09140,yhcM,Lifestyles,Sporulation,Sporulation proteins,Sporulation proteins/ other,NA
SW 4.2.4.2,BSU09150,yhcN,Lifestyles,Sporulation,Germination,Additional germination proteins,NA
SW 4.2.1.4,BSU09165,yhcO,Lifestyles,Sporulation,Sporulation proteins,Sporulation proteins/ other,NA
SW 4.2.1.4,BSU09180,yhcQ,Lifestyles,Sporulation,Sporulation proteins,Sporulation proteins/ other,NA
SW 4.2.1.5,BSU09210,yhcT,Lifestyles,Sporulation,Sporulation proteins,Newly identified sporulation proteins (based on transcription profiling),NA
SW 4.2.1.4,BSU09230,yhcV,Lifestyles,Sporulation,Sporulation proteins,Sporulation proteins/ other,NA
SW 2.2.2.3,BSU09290,glpK,Metabolism,Carbon metabolism,Utilization of specific carbon sources,Utilization of glycerol/ glycerol-3-phosphate,NA
SW 1.1.1.1,BSU09310,pgcA,Cellular processes,Cell envelope and cell division,Cell wall synthesis,Biosynthesis of peptidoglycan,NA
SW 3.3.4.2,BSU09320,yhcY,Information processing,"Protein synthesis, modification and degradation",Protein modification,Protein kinases,NA
SW 3.4.2.1,BSU09330,yhcZ,Information processing,Regulation of gene expression,Transcription factors and their control,Two-component system response regulators,NA
SW 4.2.1.5,BSU09350,yhdB,Lifestyles,Sporulation,Sporulation proteins,Newly identified sporulation proteins (based on transcription profiling),NA
SW 4.2.1.5,BSU09360,yhdC,Lifestyles,Sporulation,Sporulation proteins,Newly identified sporulation proteins (based on transcription profiling),NA
SW 4.2.1.4,BSU09400,spoVR,Lifestyles,Sporulation,Sporulation proteins,Sporulation proteins/ other,NA
SW 2.6.3,BSU09410,phoA,Metabolism,Additional metabolic pathways,Phosphate metabolism,NA,NA
SW 4.2.1.5,BSU09740,yheF,Lifestyles,Sporulation,Sporulation proteins,Newly identified sporulation proteins (based on transcription profiling),NA
SW 4.2.1.3,BSU09750,sspB,Lifestyles,Sporulation,Sporulation proteins,Small acid-soluble spore proteins,NA
SW 4.2.1.1.2,BSU09770,yheD,Lifestyles,Sporulation,Sporulation proteins,Spore coat proteins,Class II
SW 4.2.1.1.8,BSU09780,yheC,Lifestyles,Sporulation,Sporulation proteins,Spore coat proteins,Not yet assigned
SW 4.2.1.1.1,BSU09830,yhaX,Lifestyles,Sporulation,Sporulation proteins,Spore coat proteins,Class I
SW 2.6.2.6,BSU09840,hemZ,Metabolism,Additional metabolic pathways,Biosynthesis of cofactors,Biosynthesis of heme/ siroheme,NA
SW 1.2.4.5,BSU09860,khtT,Cellular processes,Transporters,Transporters/ other,Metal ion transporter,NA
SW 1.3.1.3,BSU09870,khtS,Cellular processes,Homeostasis,"Metal ion homeostasis (K, Na, Ca, Mg)",Potassium uptake/ export,NA
SW 3.2.4.1,BSU09930,yhaM,Information processing,RNA synthesis and degradation,RNases,Exoribonucleases,NA
SW 4.2.1.4,BSU09940,yhaL,Lifestyles,Sporulation,Sporulation proteins,Sporulation proteins/ other,NA
SW 4.2.1.4,BSU09958,sscA,Lifestyles,Sporulation,Sporulation proteins,Sporulation proteins/ other,NA
SW 3.4.2.5,BSU09990,scoC,Information processing,Regulation of gene expression,Transcription factors and their control,Transcription factors/ other,NA
SW 4.2.1.5,BSU10009,yhzF,Lifestyles,Sporulation,Sporulation proteins,Newly identified sporulation proteins (based on transcription profiling),NA
SW 4.2.1.5,BSU10080,yhfA,Lifestyles,Sporulation,Sporulation proteins,Newly identified sporulation proteins (based on transcription profiling),NA
SW 4.2.1.4,BSU10110,pbpF,Lifestyles,Sporulation,Sporulation proteins,Sporulation proteins/ other,NA
SW 3.4.2.6,BSU10150,yhgD,Information processing,Regulation of gene expression,Transcription factors and their control,Transcription factor/ other/ based on similarity,NA
SW 4.2.1.4,BSU10280,yhfM,Lifestyles,Sporulation,Sporulation proteins,Sporulation proteins/ other,NA
SW 4.2.1.5,BSU10290,yhfN,Lifestyles,Sporulation,Sporulation proteins,Newly identified sporulation proteins (based on transcription profiling),NA
SW 6.6,BSU10310,yhfO,Groups of genes,Poorly characterized/ putative enzymes,NA,NA,NA
SW 4.2.1.4,BSU10390,yhfW,Lifestyles,Sporulation,Sporulation proteins,Sporulation proteins/ other,NA
SW 4.2.1.4,BSU10400,yhxC,Lifestyles,Sporulation,Sporulation proteins,Sporulation proteins/ other,NA
SW 2.6.6.1,BSU10550,ntdA,Metabolism,Additional metabolic pathways,Miscellaneous metabolic pathways,Biosynthesis of antibacterial compounds,NA
SW 4.2.1.5,BSU10600,yhjQ,Lifestyles,Sporulation,Sporulation proteins,Newly identified sporulation proteins (based on transcription profiling),NA
SW 4.2.1.1.2,BSU10610,yhjR,Lifestyles,Sporulation,Sporulation proteins,Spore coat proteins,Class II
SW 4.2.4.2,BSU10670,gerPF,Lifestyles,Sporulation,Germination,Additional germination proteins,NA
SW 4.2.4.2,BSU10680,gerPE,Lifestyles,Sporulation,Germination,Additional germination proteins,NA
SW 4.2.4.2,BSU10690,gerPD,Lifestyles,Sporulation,Germination,Additional germination proteins,NA
SW 4.2.4.2,BSU10700,gerPC,Lifestyles,Sporulation,Germination,Additional germination proteins,NA
SW 4.2.4.2,BSU10710,gerPB,Lifestyles,Sporulation,Germination,Additional germination proteins,NA
SW 4.2.4.2,BSU10720,gerPA,Lifestyles,Sporulation,Germination,Additional germination proteins,NA
SW 4.2.2.5,BSU10730,yisI,Lifestyles,Sporulation,phosphorelay,Phosphatases controlling the phosphorelay,NA
SW 4.2.1.1.8,BSU10740,yisJ,Lifestyles,Sporulation,Sporulation proteins,Spore coat proteins,Not yet assigned
SW 4.2.1.5,BSU10780,yisN,Lifestyles,Sporulation,Sporulation proteins,Newly identified sporulation proteins (based on transcription profiling),NA
SW 4.2.1.4,BSU10790,asnO,Lifestyles,Sporulation,Sporulation proteins,Sporulation proteins/ other,NA
SW 4.2.2,BSU10810,yisP,Lifestyles,Sporulation,phosphorelay,NA,NA
SW 4.2.1.1.3,BSU10900,yisY,Lifestyles,Sporulation,Sporulation proteins,Spore coat proteins,Class III
SW 4.2.1.4,BSU10910,yisZ,Lifestyles,Sporulation,Sporulation proteins,Sporulation proteins/ other,NA
SW 4.2.1.4,BSU10920,yitA,Lifestyles,Sporulation,Sporulation proteins,Sporulation proteins/ other,NA
SW 4.2.1.4,BSU10930,yitB,Lifestyles,Sporulation,Sporulation proteins,Sporulation proteins/ other,NA
SW 4.2.1.4,BSU10940,yitC,Lifestyles,Sporulation,Sporulation proteins,Sporulation proteins/ other,NA
SW 4.2.1.4,BSU10950,yitD,Lifestyles,Sporulation,Sporulation proteins,Sporulation proteins/ other,NA
SW 4.2.1.5,BSU10960,yitE,Lifestyles,Sporulation,Sporulation proteins,Newly identified sporulation proteins (based on transcription profiling),NA
SW 4.2.1.4,BSU10970,yitF,Lifestyles,Sporulation,Sporulation proteins,Sporulation proteins/ other,NA
SW 4.2.1.4,BSU10980,yitG,Lifestyles,Sporulation,Sporulation proteins,Sporulation proteins/ other,NA
SW 4.2.1.5,BSU11080,yitQ,Lifestyles,Sporulation,Sporulation proteins,Newly identified sporulation proteins (based on transcription profiling),NA
SW 4.2.1.5,BSU11139,yizC,Lifestyles,Sporulation,Sporulation proteins,Newly identified sporulation proteins (based on transcription profiling),NA
SW 4.2.1.5,BSU11260,yjzC,Lifestyles,Sporulation,Sporulation proteins,Newly identified sporulation proteins (based on transcription profiling),NA
SW 4.2.1.5,BSU11280,yjaU,Lifestyles,Sporulation,Sporulation proteins,Newly identified sporulation proteins (based on transcription profiling),NA
SW 4.2.1.4,BSU11290,yjaV,Lifestyles,Sporulation,Sporulation proteins,Sporulation proteins/ other,NA
SW 4.2.1.1.5,BSU11320,yjzB,Lifestyles,Sporulation,Sporulation proteins,Spore coat proteins,Class V
SW 4.2.1.5,BSU11350,yjaZ,Lifestyles,Sporulation,Sporulation proteins,Newly identified sporulation proteins (based on transcription profiling),NA
SW 4.2.1.4,BSU11410,yjbA,Lifestyles,Sporulation,Sporulation proteins,Sporulation proteins/ other,NA
SW 4.2.2,BSU11430,oppA,Lifestyles,Sporulation,phosphorelay,NA,NA
SW 4.2.2,BSU11440,oppB,Lifestyles,Sporulation,phosphorelay,NA,NA
SW 4.2.2,BSU11450,oppC,Lifestyles,Sporulation,phosphorelay,NA,NA
SW 4.2.2,BSU11460,oppD,Lifestyles,Sporulation,phosphorelay,NA,NA
SW 4.2.2,BSU11470,oppF,Lifestyles,Sporulation,phosphorelay,NA,NA
SW 4.2.1.5,BSU11510,yjbE,Lifestyles,Sporulation,Sporulation proteins,Newly identified sporulation proteins (based on transcription profiling),NA
SW 4.2.2,BSU11540,pepF,Lifestyles,Sporulation,phosphorelay,NA,NA
SW 4.2.1.5,BSU11549,yizD,Lifestyles,Sporulation,Sporulation proteins,Newly identified sporulation proteins (based on transcription profiling),NA
SW 3.3.1.3,BSU11620,yjbO,Information processing,"Protein synthesis, modification and degradation",Translation,rRNA modification and maturation/ based on similarity,NA
SW 4.2.1.1.2,BSU11730,cotO,Lifestyles,Sporulation,Sporulation proteins,Spore coat proteins,Class II
SW 4.2.1.1.3,BSU11740,cotZ,Lifestyles,Sporulation,Sporulation proteins,Spore coat proteins,Class III
SW 4.2.1.1.8,BSU11750,cotY,Lifestyles,Sporulation,Sporulation proteins,Spore coat proteins,Not yet assigned
SW 4.2.1.1.8,BSU11760,cotX,Lifestyles,Sporulation,Sporulation proteins,Spore coat proteins,Not yet assigned
SW 4.2.1.1.5,BSU11770,cotW,Lifestyles,Sporulation,Sporulation proteins,Spore coat proteins,Class V
SW 4.2.1.1.8,BSU11780,cotV,Lifestyles,Sporulation,Sporulation proteins,Spore coat proteins,Not yet assigned
SW 4.2.1.4,BSU11790,yjcA,Lifestyles,Sporulation,Sporulation proteins,Sporulation proteins/ other,NA
SW 4.2.1.5,BSU11799,yjzK,Lifestyles,Sporulation,Sporulation proteins,Newly identified sporulation proteins (based on transcription profiling),NA
SW 4.2.1.5,BSU11809,yjcZ,Lifestyles,Sporulation,Sporulation proteins,Newly identified sporulation proteins (based on transcription profiling),NA
SW 4.2.1.4,BSU11810,spoVIF,Lifestyles,Sporulation,Sporulation proteins,Sporulation proteins/ other,NA
SW 6.7,BSU12040,yjdG,Groups of genes,Proteins of unknown function,NA,NA,NA
SW 4.2.1.1.8,BSU12050,yjdH,Lifestyles,Sporulation,Sporulation proteins,Spore coat proteins,Not yet assigned
SW 4.2.1.1.4,BSU12090,cotT,Lifestyles,Sporulation,Sporulation proteins,Spore coat proteins,Class IV
SW 4.2.1.4,BSU12110,yjfA,Lifestyles,Sporulation,Sporulation proteins,Sporulation proteins/ other,NA
SW 3.1.9,BSU12280,yjlC,Information processing,Genetics,Newly identified competence genes,NA,NA
SW 4.2.1.4,BSU12320,yjmC,Lifestyles,Sporulation,Sporulation proteins,Sporulation proteins/ other,NA
SW 4.2.1.4,BSU12330,yjmD,Lifestyles,Sporulation,Sporulation proteins,Sporulation proteins/ other,NA
SW 4.2.1.4,BSU12340,uxuA,Lifestyles,Sporulation,Sporulation proteins,Sporulation proteins/ other,NA
SW 4.2.1.4,BSU12350,yjmF,Lifestyles,Sporulation,Sporulation proteins,Sporulation proteins/ other,NA
SW 4.2.1.4,BSU12360,exuT,Lifestyles,Sporulation,Sporulation proteins,Sporulation proteins/ other,NA
SW 4.2.1.4,BSU12370,exuR,Lifestyles,Sporulation,Sporulation proteins,Sporulation proteins/ other,NA
SW 4.2.1.4,BSU12380,uxaB,Lifestyles,Sporulation,Sporulation proteins,Sporulation proteins/ other,NA
SW 4.2.1.4,BSU12390,uxaA,Lifestyles,Sporulation,Sporulation proteins,Sporulation proteins/ other,NA
SW 4.2.1.5,BSU12400,yjnA,Lifestyles,Sporulation,Sporulation proteins,Newly identified sporulation proteins (based on transcription profiling),NA
SW 4.2.2.5,BSU12430,rapA,Lifestyles,Sporulation,phosphorelay,Phosphatases controlling the phosphorelay,NA
SW 4.2.2.6,BSU12440,phrA,Lifestyles,Sporulation,phosphorelay,Other protein controlling the activity of the phosphorelay,NA
SW 4.2.1.1.5,BSU12490,yjqC,Lifestyles,Sporulation,Sporulation proteins,Spore coat proteins,Class V
SW 4.2.3,BSU12820,spoIISB,Lifestyles,Sporulation,Sporulation/ other,NA,NA
SW 4.2.1.4,BSU12830,spoIISA,Lifestyles,Sporulation,Sporulation proteins,Sporulation proteins/ other,NA
SW 2.1.3,BSU13040,hmp,Metabolism,Electron transport and ATP synthesis,Electron transport/ other,NA,NA
SW 4.2.1.5,BSU13050,ykzH,Lifestyles,Sporulation,Sporulation proteins,Newly identified sporulation proteins (based on transcription profiling),NA
SW 4.2.1.5,BSU13060,ykjA,Lifestyles,Sporulation,Sporulation proteins,Newly identified sporulation proteins (based on transcription profiling),NA
SW 1.2.3.3,BSU13240,thiU,Cellular processes,Transporters,ECF transporter,Class I ECF transporter,NA
SW 4.2.1.5,BSU13290,ykzD,Lifestyles,Sporulation,Sporulation proteins,Newly identified sporulation proteins (based on transcription profiling),NA
SW 4.2.1.5,BSU13350,ykoN,Lifestyles,Sporulation,Sporulation proteins,Newly identified sporulation proteins (based on transcription profiling),NA
SW 4.2.1.5,BSU13360,ykoP,Lifestyles,Sporulation,Sporulation proteins,Newly identified sporulation proteins (based on transcription profiling),NA
SW 4.2.1.5,BSU13370,ykoQ,Lifestyles,Sporulation,Sporulation proteins,Newly identified sporulation proteins (based on transcription profiling),NA
SW 4.2.1.5,BSU13380,ykoS,Lifestyles,Sporulation,Sporulation proteins,Newly identified sporulation proteins (based on transcription profiling),NA
SW 4.2.1.5,BSU13390,ykoT,Lifestyles,Sporulation,Sporulation proteins,Newly identified sporulation proteins (based on transcription profiling),NA
SW 4.2.1.4,BSU13400,ligD,Lifestyles,Sporulation,Sporulation proteins,Sporulation proteins/ other,NA
SW 4.2.1.4,BSU13410,ykoV,Lifestyles,Sporulation,Sporulation proteins,Sporulation proteins/ other,NA
SW 2.5.3,BSU13420,dgcW,Metabolism,Nucleotide metabolism,Metabolism of signalling nucleotides,NA,NA
SW 4.2.1.5,BSU13440,ykoY,Lifestyles,Sporulation,Sporulation proteins,Newly identified sporulation proteins (based on transcription profiling),NA
SW 4.2.1.3,BSU13470,sspD,Lifestyles,Sporulation,Sporulation proteins,Small acid-soluble spore proteins,NA
SW 3.3.7.4,BSU13490,htpX,Information processing,"Protein synthesis, modification and degradation",Proteolysis,Additional proteins involved in proteolysis,NA
SW 4.2.1.5,BSU13509,ykzP,Lifestyles,Sporulation,Sporulation proteins,Newly identified sporulation proteins (based on transcription profiling),NA
SW 4.2.1.5,BSU13510,ykzE,Lifestyles,Sporulation,Sporulation proteins,Newly identified sporulation proteins (based on transcription profiling),NA
SW 4.2.2.1,BSU13530,kinE,Lifestyles,Sporulation,phosphorelay,The kinases,NA
SW 4.2.2.5,BSU13640,spo0E,Lifestyles,Sporulation,phosphorelay,Phosphatases controlling the phosphorelay,NA
SW 4.2.2.1,BSU13660,kinD,Lifestyles,Sporulation,phosphorelay,The kinases,NA
SW 4.2.1.4,BSU13710,ykvI,Lifestyles,Sporulation,Sporulation proteins,Sporulation proteins/ other,NA
SW 6.6,BSU13770,ykvO,Groups of genes,Poorly characterized/ putative enzymes,NA,NA,NA
SW 4.2.1.1.8,BSU13780,ykvP,Lifestyles,Sporulation,Sporulation proteins,Spore coat proteins,Not yet assigned
SW 4.2.1.4,BSU13790,ykvQ,Lifestyles,Sporulation,Sporulation proteins,Sporulation proteins/ other,NA
SW 4.2.4.2,BSU13830,ykvU,Lifestyles,Sporulation,Germination,Additional germination proteins,NA
SW 4.2.1.4,BSU13840,stoA,Lifestyles,Sporulation,Sporulation proteins,Sporulation proteins/ other,NA
SW 4.2.1.4,BSU13920,splA,Lifestyles,Sporulation,Sporulation proteins,Sporulation proteins/ other,NA
SW 4.2.1.4,BSU13930,splB,Lifestyles,Sporulation,Sporulation proteins,Sporulation proteins/ other,NA
SW 4.2.1.5,BSU13940,ykwB,Lifestyles,Sporulation,Sporulation proteins,Newly identified sporulation proteins (based on transcription profiling),NA
SW 4.2.2.1,BSU13990,kinA,Lifestyles,Sporulation,phosphorelay,The kinases,NA
SW 1.1.1.1,BSU14000,patA,Cellular processes,Cell envelope and cell division,Cell wall synthesis,Biosynthesis of peptidoglycan,NA
SW 4.2.1.1.8,BSU14040,ldt,Lifestyles,Sporulation,Sporulation proteins,Spore coat proteins,Not yet assigned
SW 4.2.1.5,BSU14200,ykuS,Lifestyles,Sporulation,Sporulation proteins,Newly identified sporulation proteins (based on transcription profiling),NA
SW 3.1.7,BSU14240,rok,Information processing,Genetics,Genetic competence,NA,NA
SW 4.2.1.1.2,BSU14250,yknT,Lifestyles,Sporulation,Sporulation proteins,Spore coat proteins,Class II
SW 1.2.1.2.6,BSU14320,yknU,Cellular processes,Transporters,ABC transporters,Exporters,Exporters of unknown function
SW 1.2.1.2.6,BSU14330,yknV,Cellular processes,Transporters,ABC transporters,Exporters,Exporters of unknown function
SW 4.2.1.5,BSU14460,ykpC,Lifestyles,Sporulation,Sporulation proteins,Newly identified sporulation proteins (based on transcription profiling),NA
SW 4.2.2.1,BSU14490,kinC,Lifestyles,Sporulation,phosphorelay,The kinases,NA
SW 2.6.4.1,BSU14560,defB,Metabolism,Additional metabolic pathways,Sulfur metabolism,Conversion of S-methyl cysteine to cysteine,NA
SW 4.2.1.5,BSU14569,ykzV,Lifestyles,Sporulation,Sporulation proteins,Newly identified sporulation proteins (based on transcription profiling),NA
SW 4.3.1,BSU14660,ykzI,Lifestyles,Coping with stress,General stress proteins (controlled by SigB),NA,NA
SW 4.2.4.2,BSU14800,ylaJ,Lifestyles,Sporulation,Germination,Additional germination proteins,NA
SW 4.2.1.5,BSU14810,ylaK,Lifestyles,Sporulation,Sporulation proteins,Newly identified sporulation proteins (based on transcription profiling),NA
SW 4.2.1.5,BSU14830,ylaM,Lifestyles,Sporulation,Sporulation proteins,Newly identified sporulation proteins (based on transcription profiling),NA
SW 4.2.1.4,BSU14870,ctaA,Lifestyles,Sporulation,Sporulation proteins,Sporulation proteins/ other,NA
SW 4.2.1.4,BSU14950,ylbB,Lifestyles,Sporulation,Sporulation proteins,Sporulation proteins/ other,NA
SW 4.2.1.4,BSU14960,ylbC,Lifestyles,Sporulation,Sporulation proteins,Sporulation proteins/ other,NA
SW 4.2.1.1.5,BSU14970,ylbD,Lifestyles,Sporulation,Sporulation proteins,Spore coat proteins,Class V
SW 4.2.1.4,BSU14980,ylbE,Lifestyles,Sporulation,Sporulation proteins,Sporulation proteins/ other,NA
SW 4.2.2.6,BSU14990,ylbF,Lifestyles,Sporulation,phosphorelay,Other protein controlling the activity of the phosphorelay,NA
SW 4.2.1.4,BSU15030,spoVV,Lifestyles,Sporulation,Sporulation proteins,Sporulation proteins/ other,NA
SW 6.6,BSU15040,ylbK,Groups of genes,Poorly characterized/ putative enzymes,NA,NA,NA
SW 4.2.1.1.8,BSU15090,gerR,Lifestyles,Sporulation,Sporulation proteins,Spore coat proteins,Not yet assigned
SW 4.2.1.4,BSU15170,spoVD,Lifestyles,Sporulation,Sporulation proteins,Sporulation proteins/ other,NA
SW 4.2.1.4,BSU15210,spoVE,Lifestyles,Sporulation,Sporulation proteins,Sporulation proteins/ other,NA
SW 4.2.1.4,BSU15220,murG,Lifestyles,Sporulation,Sporulation proteins,Sporulation proteins/ other,NA
SW 4.2.1.4,BSU15230,murB,Lifestyles,Sporulation,Sporulation proteins,Sporulation proteins/ other,NA
SW 4.2.1.4,BSU15240,divIB,Lifestyles,Sporulation,Sporulation proteins,Sporulation proteins/ other,NA
SW 4.2.1.4,BSU15250,ylxW,Lifestyles,Sporulation,Sporulation proteins,Sporulation proteins/ other,NA
SW 4.2.1.4,BSU15260,ylxX,Lifestyles,Sporulation,Sporulation proteins,Sporulation proteins/ other,NA
SW 4.2.1.4,BSU15270,sbp,Lifestyles,Sporulation,Sporulation proteins,Sporulation proteins/ other,NA
SW 1.1.8.2,BSU15280,ftsA,Cellular processes,Cell envelope and cell division,Cell division,Other genes,NA
SW 1.1.8.2,BSU15290,ftsZ,Cellular processes,Cell envelope and cell division,Cell division,Other genes,NA
SW 4.2.3,BSU15310,spoIIGA,Lifestyles,Sporulation,Sporulation/ other,NA,NA
SW 3.4.1.1,BSU15320,sigE,Information processing,Regulation of gene expression,Sigma factors and their control,Sigma factors,NA
SW 4.2.1.4,BSU15330,sigG,Lifestyles,Sporulation,Sporulation proteins,Sporulation proteins/ other,NA
SW 4.2.1.4,BSU15360,ylmC,Lifestyles,Sporulation,Sporulation proteins,Sporulation proteins/ other,NA
SW 1.1.8.1,BSU15420,divIVA,Cellular processes,Cell envelope and cell division,Cell division,The Min system,NA
SW 4.2.1.4,BSU15440,ylyA,Lifestyles,Sporulation,Sporulation proteins,Sporulation proteins/ other,NA
SW 2.6.4,BSU15590,sat,Metabolism,Additional metabolic pathways,Sulfur metabolism,NA,NA
SW 4.2.1.4,BSU15650,yloB,Lifestyles,Sporulation,Sporulation proteins,Sporulation proteins/ other,NA
SW 3.4.2.5,BSU15670,remA,Information processing,Regulation of gene expression,Transcription factors and their control,Transcription factors/ other,NA
SW 4.2.4.2,BSU15770,prkC,Lifestyles,Sporulation,Germination,Additional germination proteins,NA
SW 2.6.2.3,BSU15800,yloS,Metabolism,Additional metabolic pathways,Biosynthesis of cofactors,Biosynthesis/ acquisition of thiamine,NA
SW 4.2.1.1.1,BSU15810,spoVM,Lifestyles,Sporulation,Sporulation proteins,Spore coat proteins,Class I
SW 2.4.2.1,BSU15910,fabG,Metabolism,Lipid metabolism,Biosynthesis of lipids,Biosynthesis of fatty acids,NA
SW 3.1.3,BSU15940,smc,Information processing,Genetics,DNA condensation/ segregation,NA,NA
SW 4.2.1.4,BSU15950,ftsY,Lifestyles,Sporulation,Sporulation proteins,Sporulation proteins/ other,NA
SW 4.2.2.2,BSU15960,sivC,Lifestyles,Sporulation,phosphorelay,Proteins controlling the activity of the kinases,NA
SW 3.4.2.5,BSU16170,codY,Information processing,Regulation of gene expression,Transcription factors and their control,Transcription factors/ other,NA
SW 1.1.8.2,BSU16560,rasP,Cellular processes,Cell envelope and cell division,Cell division,Other genes,NA
SW 4.2.4.2,BSU16700,swsB,Lifestyles,Sporulation,Germination,Additional germination proteins,NA
SW 3.3.7.4,BSU16710,mlpA,Information processing,"Protein synthesis, modification and degradation",Proteolysis,Additional proteins involved in proteolysis,NA
SW 4.2.1.4,BSU16720,ymxH,Lifestyles,Sporulation,Sporulation proteins,Sporulation proteins/ other,NA
SW 4.2.1.4,BSU16730,spoVFA,Lifestyles,Sporulation,Sporulation proteins,Sporulation proteins/ other,NA
SW 4.2.1.4,BSU16740,spoVFB,Lifestyles,Sporulation,Sporulation proteins,Sporulation proteins/ other,NA
SW 4.2.1.4,BSU16750,asd,Lifestyles,Sporulation,Sporulation proteins,Sporulation proteins/ other,NA
SW 4.2.1.4,BSU16760,dapG,Lifestyles,Sporulation,Sporulation proteins,Sporulation proteins/ other,NA
SW 4.2.1.4,BSU16770,dapA,Lifestyles,Sporulation,Sporulation proteins,Sporulation proteins/ other,NA
SW 4.2.4.2,BSU16790,tepA,Lifestyles,Sporulation,Germination,Additional germination proteins,NA
SW 4.2.4.2,BSU16799,ylzJ,Lifestyles,Sporulation,Germination,Additional germination proteins,NA
SW 4.2.3,BSU16800,spoIIIE,Lifestyles,Sporulation,Sporulation/ other,NA,NA
SW 4.2.1.5,BSU16825,ymfD,Lifestyles,Sporulation,Sporulation proteins,Newly identified sporulation proteins (based on transcription profiling),NA
SW 3.3.1.14,BSU16870,ymfI,Information processing,"Protein synthesis, modification and degradation",Translation,Translation factor modification and maturation,NA
SW 4.2.1.5,BSU16880,ymfJ,Lifestyles,Sporulation,Sporulation proteins,Newly identified sporulation proteins (based on transcription profiling),NA
SW 4.2.3,BSU16910,rodZ,Lifestyles,Sporulation,Sporulation/ other,NA,NA
SW 4.1.2,BSU16970,ymdB,Lifestyles,Exponential and early post-exponential lifestyles,Biofilm formation,NA,NA
SW 4.2.3,BSU16980,spoVS,Lifestyles,Sporulation,Sporulation/ other,NA,NA
SW 4.2.2.6,BSU17020,ymcA,Lifestyles,Sporulation,phosphorelay,Other protein controlling the activity of the phosphorelay,NA
SW 4.2.1.1.2,BSU17030,cotE,Lifestyles,Sporulation,Sporulation proteins,Spore coat proteins,Class II
SW 4.3.8,BSU17280,ymaD,Lifestyles,Coping with stress,Resistance against oxidative and electrophile stress,NA,NA
SW 4.2.1.1.5,BSU17310,ymaG,Lifestyles,Sporulation,Sporulation proteins,Spore coat proteins,Class V
SW 4.2.1.5,BSU17320,ymaF,Lifestyles,Sporulation,Sporulation proteins,Newly identified sporulation proteins (based on transcription profiling),NA
SW 3.3.1.8,BSU17330,miaA,Information processing,"Protein synthesis, modification and degradation",Translation,tRNA modification and maturation,NA
SW 4.2.1.4,BSU17410,cwlC,Lifestyles,Sporulation,Sporulation proteins,Sporulation proteins/ other,NA
SW 4.2.1.4,BSU17420,spoVK,Lifestyles,Sporulation,Sporulation proteins,Sporulation proteins/ other,NA
SW 6.7,BSU17470,ynxB,Groups of genes,Proteins of unknown function,NA,NA,NA
SW 4.2.1.1.2,BSU17640,yncD,Lifestyles,Sporulation,Sporulation proteins,Spore coat proteins,Class II
SW 4.2.1.5,BSU17650,yncE,Lifestyles,Sporulation,Sporulation proteins,Newly identified sporulation proteins (based on transcription profiling),NA
SW 4.2.1.1.7,BSU17670,cotU,Lifestyles,Sporulation,Sporulation proteins,Spore coat proteins,Class VI
SW 4.2.1.1.8,BSU17700,cotC,Lifestyles,Sporulation,Sporulation proteins,Spore coat proteins,Not yet assigned
SW 4.2.1.4,BSU17720,yndA,Lifestyles,Sporulation,Sporulation proteins,Sporulation proteins/ other,NA
SW 4.2.5,BSU17740,ynzB,Lifestyles,Sporulation,Germination/ based on similarity,NA,NA
SW 4.2.5,BSU17750,yndD,Lifestyles,Sporulation,Germination/ based on similarity,NA,NA
SW 4.2.5,BSU17760,yndE,Lifestyles,Sporulation,Germination/ based on similarity,NA,NA
SW 4.2.5,BSU17770,yndF,Lifestyles,Sporulation,Germination/ based on similarity,NA,NA
SW 4.2.1.4,BSU17820,pghL,Lifestyles,Sporulation,Sporulation proteins,Sporulation proteins/ other,NA
SW 4.2.1.5,BSU17830,yndM,Lifestyles,Sporulation,Sporulation proteins,Newly identified sporulation proteins (based on transcription profiling),NA
SW 3.1.5,BSU17850,lexA,Information processing,Genetics,DNA repair/ recombination,NA,NA
SW 3.1.1,BSU17900,sirA,Information processing,Genetics,DNA replication,NA,NA
SW 4.2.2.5,BSU17920,ynzD,Lifestyles,Sporulation,phosphorelay,Phosphatases controlling the phosphorelay,NA
SW 4.2.1.1.2,BSU17970,cotM,Lifestyles,Sporulation,Sporulation proteins,Spore coat proteins,Class II
SW 4.2.1.3,BSU17980,sspP,Lifestyles,Sporulation,Sporulation proteins,Small acid-soluble spore proteins,NA
SW 4.2.1.3,BSU17990,sspO,Lifestyles,Sporulation,Sporulation proteins,Small acid-soluble spore proteins,NA
SW 4.2.1.5,BSU18019,ynzL,Lifestyles,Sporulation,Sporulation proteins,Newly identified sporulation proteins (based on transcription profiling),NA
SW 4.2.1.3,BSU18020,sspN,Lifestyles,Sporulation,Sporulation proteins,Small acid-soluble spore proteins,NA
SW 4.2.1.4,BSU18030,tlp,Lifestyles,Sporulation,Sporulation proteins,Sporulation proteins/ other,NA
SW 4.2.1.5,BSU18140,ynfE,Lifestyles,Sporulation,Sporulation proteins,Newly identified sporulation proteins (based on transcription profiling),NA
SW 4.2.1.5,BSU18200,nrnB,Lifestyles,Sporulation,Sporulation proteins,Newly identified sporulation proteins (based on transcription profiling),NA
SW 4.2.1.4,BSU18210,yngE,Lifestyles,Sporulation,Sporulation proteins,Sporulation proteins/ other,NA
SW 4.2.1.4,BSU18220,yngF,Lifestyles,Sporulation,Sporulation proteins,Sporulation proteins/ other,NA
SW 4.2.1.4,BSU18230,yngG,Lifestyles,Sporulation,Sporulation proteins,Sporulation proteins/ other,NA
SW 4.2.1.4,BSU18239,yngHB,Lifestyles,Sporulation,Sporulation proteins,Sporulation proteins/ other,NA
SW 4.2.1.4,BSU18240,yngH,Lifestyles,Sporulation,Sporulation proteins,Sporulation proteins/ other,NA
SW 4.2.1.4,BSU18250,yngI,Lifestyles,Sporulation,Sporulation proteins,Sporulation proteins/ other,NA
SW 4.2.1.4,BSU18260,yngJ,Lifestyles,Sporulation,Sporulation proteins,Sporulation proteins/ other,NA
SW 4.2.1.5,BSU18270,ynzE,Lifestyles,Sporulation,Sporulation proteins,Newly identified sporulation proteins (based on transcription profiling),NA
SW 4.2.1.5,BSU18280,yngK,Lifestyles,Sporulation,Sporulation proteins,Newly identified sporulation proteins (based on transcription profiling),NA
SW 4.2.1.5,BSU18290,yngL,Lifestyles,Sporulation,Sporulation proteins,Newly identified sporulation proteins (based on transcription profiling),NA
SW 1.1.3.1,BSU18380,iseA,Cellular processes,Cell envelope and cell division,Cell wall degradation/ turnover,Autolysis,NA
SW 2.3.1.2,BSU18470,proJ,Metabolism,Amino acid/ nitrogen metabolism,Biosynthesis/ acquisition of amino acids,Biosynthesis/ acquisition of proline,NA
SW 2.3.1.2,BSU18480,proH,Metabolism,Amino acid/ nitrogen metabolism,Biosynthesis/ acquisition of amino acids,Biosynthesis/ acquisition of proline,NA
SW 6.4.8,BSU18500,yoxD,Groups of genes,Phosphoproteins,"Phosphorylation on either a Ser, Thr or Tyr residue",NA,NA
SW 4.2.1.4,BSU18600,yozQ,Lifestyles,Sporulation,Sporulation proteins,Sporulation proteins/ other,NA
SW 4.2.1.5,BSU18620,yoaI,Lifestyles,Sporulation,Sporulation proteins,Newly identified sporulation proteins (based on transcription profiling),NA
SW 4.2.1.5,BSU18660,yoaM,Lifestyles,Sporulation,Sporulation proteins,Newly identified sporulation proteins (based on transcription profiling),NA
SW 4.2.1.1.5,BSU18670,oxdD,Lifestyles,Sporulation,Sporulation proteins,Spore coat proteins,Class V
SW 4.2.1.5,BSU18700,yoaQ,Lifestyles,Sporulation,Sporulation proteins,Newly identified sporulation proteins (based on transcription profiling),NA
SW 4.2.1.5,BSU18709,yozT,Lifestyles,Sporulation,Sporulation proteins,Newly identified sporulation proteins (based on transcription profiling),NA
SW 4.2.1.5,BSU18710,yozF,Lifestyles,Sporulation,Sporulation proteins,Newly identified sporulation proteins (based on transcription profiling),NA
SW 4.2.1.4,BSU18720,yoaR,Lifestyles,Sporulation,Sporulation proteins,Sporulation proteins/ other,NA
SW 4.2.1.5,BSU18760,yoaU,Lifestyles,Sporulation,Sporulation proteins,Newly identified sporulation proteins (based on transcription profiling),NA
SW 4.2.1.4,BSU18780,yoaW,Lifestyles,Sporulation,Sporulation proteins,Sporulation proteins/ other,NA
SW 3.1.7,BSU18910,rapK,Information processing,Genetics,Genetic competence,NA,NA
SW 4.2.1.1.8,BSU19020,yobN,Lifestyles,Sporulation,Sporulation proteins,Spore coat proteins,Not yet assigned
SW 4.2.1.4,BSU19110,yobW,Lifestyles,Sporulation,Sporulation proteins,Sporulation proteins/ other,NA
SW 4.3.1,BSU19240,yocK,Lifestyles,Coping with stress,General stress proteins (controlled by SigB),NA,NA
SW 4.2.1.4,BSU19250,yocL,Lifestyles,Sporulation,Sporulation proteins,Sporulation proteins/ other,NA
SW 4.2.1.5,BSU19259,yoyB,Lifestyles,Sporulation,Sporulation proteins,Newly identified sporulation proteins (based on transcription profiling),NA
SW 4.3.6,BSU19260,yocM,Lifestyles,Coping with stress,Coping with hyper-osmotic stress,NA,NA
SW 4.2.1.5,BSU19270,yozN,Lifestyles,Sporulation,Sporulation proteins,Newly identified sporulation proteins (based on transcription profiling),NA
SW 4.2.1.5,BSU19280,yocN,Lifestyles,Sporulation,Sporulation proteins,Newly identified sporulation proteins (based on transcription profiling),NA
SW 4.2.1.4,BSU19320,sqhC,Lifestyles,Sporulation,Sporulation proteins,Sporulation proteins/ other,NA
SW 4.2.1.4,BSU19330,sodF,Lifestyles,Sporulation,Sporulation proteins,Sporulation proteins/ other,NA
SW 4.3.14,BSU19420,yojK,Lifestyles,Coping with stress,Resistance against toxins/ antibiotics/ based on similarity,NA,NA
SW 4.2.1.4,BSU19430,cdaS,Lifestyles,Sporulation,Sporulation proteins,Sporulation proteins/ other,NA
SW 4.2.1.1.8,BSU19490,gerT,Lifestyles,Sporulation,Sporulation proteins,Spore coat proteins,Not yet assigned
SW 4.2.1.5,BSU19510,yojB,Lifestyles,Sporulation,Sporulation proteins,Newly identified sporulation proteins (based on transcription profiling),NA
SW 6.2,BSU19520,yojA,Groups of genes,Membrane proteins,NA,NA,NA
SW 3.3.7.4,BSU19590,ctpA,Information processing,"Protein synthesis, modification and degradation",Proteolysis,Additional proteins involved in proteolysis,NA
SW 4.2.1.4,BSU19600,yodH,Lifestyles,Sporulation,Sporulation proteins,Sporulation proteins/ other,NA
SW 4.2.1.1.8,BSU19610,yodI,Lifestyles,Sporulation,Sporulation proteins,Spore coat proteins,Not yet assigned
SW 4.2.1.5,BSU19639,yoyE,Lifestyles,Sporulation,Sporulation proteins,Newly identified sporulation proteins (based on transcription profiling),NA
SW 4.2.1.5,BSU19640,yodL,Lifestyles,Sporulation,Sporulation proteins,Newly identified sporulation proteins (based on transcription profiling),NA
SW 4.2.1.5,BSU19660,yozD,Lifestyles,Sporulation,Sporulation proteins,Newly identified sporulation proteins (based on transcription profiling),NA
SW 4.2.1.5,BSU19669,yoyF,Lifestyles,Sporulation,Sporulation proteins,Newly identified sporulation proteins (based on transcription profiling),NA
SW 4.2.1.5,BSU19670,yodN,Lifestyles,Sporulation,Sporulation proteins,Newly identified sporulation proteins (based on transcription profiling),NA
SW 4.2.1.5,BSU19680,yozE,Lifestyles,Sporulation,Sporulation proteins,Newly identified sporulation proteins (based on transcription profiling),NA
SW 4.2.1.4,BSU19689,yokU,Lifestyles,Sporulation,Sporulation proteins,Sporulation proteins/ other,NA
SW 4.2.1.4,BSU19690,kamA,Lifestyles,Sporulation,Sporulation proteins,Sporulation proteins/ other,NA
SW 4.2.1.4,BSU19700,yodP,Lifestyles,Sporulation,Sporulation proteins,Sporulation proteins/ other,NA
SW 4.2.1.4,BSU19710,yodQ,Lifestyles,Sporulation,Sporulation proteins,Sporulation proteins/ other,NA
SW 4.2.1.4,BSU19720,yodR,Lifestyles,Sporulation,Sporulation proteins,Sporulation proteins/ other,NA
SW 4.2.1.4,BSU19730,yodS,Lifestyles,Sporulation,Sporulation proteins,Sporulation proteins/ other,NA
SW 4.2.1.4,BSU19740,yodT,Lifestyles,Sporulation,Sporulation proteins,Sporulation proteins/ other,NA
SW 4.2.1.5,BSU19749,yoyG,Lifestyles,Sporulation,Sporulation proteins,Newly identified sporulation proteins (based on transcription profiling),NA
SW 4.2.1.1.8,BSU19750,cgeE,Lifestyles,Sporulation,Sporulation proteins,Spore coat proteins,Not yet assigned
SW 4.2.1.1.8,BSU19760,cgeD,Lifestyles,Sporulation,Sporulation proteins,Spore coat proteins,Not yet assigned
SW 4.2.1.1.8,BSU19770,cgeC,Lifestyles,Sporulation,Sporulation proteins,Spore coat proteins,Not yet assigned
SW 4.2.1.1.8,BSU19780,cgeA,Lifestyles,Sporulation,Sporulation proteins,Spore coat proteins,Not yet assigned
SW 4.2.1.1.8,BSU19790,cgeB,Lifestyles,Sporulation,Sporulation proteins,Spore coat proteins,Not yet assigned
SW 4.2.1.5,BSU19810,yodU,Lifestyles,Sporulation,Sporulation proteins,Newly identified sporulation proteins (based on transcription profiling),NA
SW 4.2.1.4,BSU19820,sprB,Lifestyles,Sporulation,Sporulation proteins,Sporulation proteins/ other,NA
SW 4.2.1.3,BSU19950,sspC,Lifestyles,Sporulation,Sporulation proteins,Small acid-soluble spore proteins,NA
SW 4.2.1.5,BSU21670,ypqP,Lifestyles,Sporulation,Sporulation proteins,Newly identified sporulation proteins (based on transcription profiling),NA
SW 4.2.1.4,BSU21950,ypzA,Lifestyles,Sporulation,Sporulation proteins,Sporulation proteins/ other,NA
SW 4.2.1.5,BSU21960,ypeQ,Lifestyles,Sporulation,Sporulation proteins,Newly identified sporulation proteins (based on transcription profiling),NA
SW 4.2.1.1.8,BSU21970,ypeP,Lifestyles,Sporulation,Sporulation proteins,Spore coat proteins,Not yet assigned
SW 4.2.1.3,BSU22000,sspL,Lifestyles,Sporulation,Sporulation proteins,Small acid-soluble spore proteins,NA
SW 3.1.1,BSU22010,exoR,Information processing,Genetics,DNA replication,NA,NA
SW 4.2.1.4,BSU22019,ypzF,Lifestyles,Sporulation,Sporulation proteins,Sporulation proteins/ other,NA
SW 4.2.1.5,BSU22040,bpsB,Lifestyles,Sporulation,Sporulation proteins,Newly identified sporulation proteins (based on transcription profiling),NA
SW 4.2.1.5,BSU22050,bpsA,Lifestyles,Sporulation,Sporulation proteins,Newly identified sporulation proteins (based on transcription profiling),NA
SW 4.2.1.5,BSU22160,yptA,Lifestyles,Sporulation,Sporulation proteins,Newly identified sporulation proteins (based on transcription profiling),NA
SW 4.2.1.5,BSU22169,ypzG,Lifestyles,Sporulation,Sporulation proteins,Newly identified sporulation proteins (based on transcription profiling),NA
SW 4.2.1.1.7,BSU22200,cotD,Lifestyles,Sporulation,Sporulation proteins,Spore coat proteins,Class VI
SW 4.2.1.4,BSU22240,ypqA,Lifestyles,Sporulation,Sporulation proteins,Sporulation proteins/ other,NA
SW 4.2.1.1.5,BSU22250,yppG,Lifestyles,Sporulation,Sporulation proteins,Spore coat proteins,Class V
SW 4.2.1.5,BSU22280,yppD,Lifestyles,Sporulation,Sporulation proteins,Newly identified sporulation proteins (based on transcription profiling),NA
SW 4.2.1.3,BSU22290,sspM,Lifestyles,Sporulation,Sporulation proteins,Small acid-soluble spore proteins,NA
SW 4.2.1.5,BSU22300,yppC,Lifestyles,Sporulation,Sporulation proteins,Newly identified sporulation proteins (based on transcription profiling),NA
SW 2.4.2.1,BSU22440,birA,Metabolism,Lipid metabolism,Biosynthesis of lipids,Biosynthesis of fatty acids,NA
SW 3.3.1.8,BSU22450,cca,Information processing,"Protein synthesis, modification and degradation",Translation,tRNA modification and maturation,NA
SW 2.6.6.2,BSU22460,bshA,Metabolism,Additional metabolic pathways,Miscellaneous metabolic pathways,Biosynthesis of bacillithiol,NA
SW 2.6.6.2,BSU22470,bshB1,Metabolism,Additional metabolic pathways,Miscellaneous metabolic pathways,Biosynthesis of bacillithiol,NA
SW 2.2.1.1,BSU22480,mgsA,Metabolism,Carbon metabolism,Carbon core metabolism,Glycolysis,NA
SW 1.1.1.1,BSU22490,dapB,Cellular processes,Cell envelope and cell division,Cell wall synthesis,Biosynthesis of peptidoglycan,NA
SW 6.6,BSU22500,ypjD,Groups of genes,Poorly characterized/ putative enzymes,NA,NA,NA
SW 4.2.1.4,BSU22520,ypjB,Lifestyles,Sporulation,Sporulation proteins,Sporulation proteins/ other,NA
SW 6.2,BSU22530,ypjA,Groups of genes,Membrane proteins,NA,NA,NA
SW 6.7,BSU22590,ypiA,Groups of genes,Proteins of unknown function,NA,NA,NA
SW 2.5.4,BSU22730,ndk,Metabolism,Nucleotide metabolism,Nucleotide metabolism/ other,NA,NA
SW 2.6.2.8,BSU22750,menH,Metabolism,Additional metabolic pathways,Biosynthesis of cofactors,Biosynthesis of menaquinone,NA
SW 4.2.1.1.1,BSU22800,spoIVA,Lifestyles,Sporulation,Sporulation proteins,Spore coat proteins,Class I
SW 4.2.1.5,BSU22849,ypzH,Lifestyles,Sporulation,Sporulation proteins,Newly identified sporulation proteins (based on transcription profiling),NA
SW 4.2.1.4,BSU22850,seaA,Lifestyles,Sporulation,Sporulation proteins,Sporulation proteins/ other,NA
SW 4.2.1.4,BSU22860,yphA,Lifestyles,Sporulation,Sporulation proteins,Sporulation proteins/ other,NA
SW 4.2.1.5,BSU22869,ypzI,Lifestyles,Sporulation,Sporulation proteins,Newly identified sporulation proteins (based on transcription profiling),NA
SW 4.2.1.4,BSU22900,ypfB,Lifestyles,Sporulation,Sporulation proteins,Sporulation proteins/ other,NA
SW 4.2.4.2,BSU22920,ypeB,Lifestyles,Sporulation,Germination,Additional germination proteins,NA
SW 4.2.4.2,BSU22930,sleB,Lifestyles,Sporulation,Germination,Additional germination proteins,NA
SW 3.3.7.4,BSU22970,ypbH,Information processing,"Protein synthesis, modification and degradation",Proteolysis,Additional proteins involved in proteolysis,NA
SW 4.3.2,BSU22980,ypbG,Lifestyles,Coping with stress,"Cell envelope stress proteins (controlled by SigM, V, W, X, Y)",NA,NA
SW 2.1.2.4,BSU23150,resA,Metabolism,Electron transport and ATP synthesis,Respiration,Respiration/ other,NA
SW 4.2.1.4,BSU23170,spmB,Lifestyles,Sporulation,Sporulation proteins,Sporulation proteins/ other,NA
SW 4.2.1.4,BSU23180,spmA,Lifestyles,Sporulation,Sporulation proteins,Sporulation proteins/ other,NA
SW 4.2.1.4,BSU23190,dacB,Lifestyles,Sporulation,Sporulation proteins,Sporulation proteins/ other,NA
SW 3.3.1.2,BSU23200,ypuI,Information processing,"Protein synthesis, modification and degradation",Translation,rRNA modification and maturation,NA
SW 2.6.2.2,BSU23250,ribH,Metabolism,Additional metabolic pathways,Biosynthesis of cofactors,Biosynthesis/ acquisition of riboflavin/ FAD,NA
SW 4.3.1,BSU23300,ypuD,Lifestyles,Coping with stress,General stress proteins (controlled by SigB),NA,NA
SW 3.3.5,BSU23310,sipS,Information processing,"Protein synthesis, modification and degradation",Protein secretion,NA,NA
SW 4.2.1.5,BSU23320,ypzC,Lifestyles,Sporulation,Sporulation proteins,Newly identified sporulation proteins (based on transcription profiling),NA
SW 4.2.1.5,BSU23350,ypzD,Lifestyles,Sporulation,Sporulation proteins,Newly identified sporulation proteins (based on transcription profiling),NA
SW 4.2.1.4,BSU23380,lysA,Lifestyles,Sporulation,Sporulation proteins,Sporulation proteins/ other,NA
SW 4.2.1.4,BSU23390,spoVAF,Lifestyles,Sporulation,Sporulation proteins,Sporulation proteins/ other,NA
SW 4.2.4.2,BSU23401,spoVAEA,Lifestyles,Sporulation,Germination,Additional germination proteins,NA
SW 4.2.4.2,BSU23402,spoVAEB,Lifestyles,Sporulation,Germination,Additional germination proteins,NA
SW 4.2.4.2,BSU23410,spoVAD,Lifestyles,Sporulation,Germination,Additional germination proteins,NA
SW 4.2.1.4,BSU23420,spoVAC,Lifestyles,Sporulation,Sporulation proteins,Sporulation proteins/ other,NA
SW 4.2.1.4,BSU23430,spoVAB,Lifestyles,Sporulation,Sporulation proteins,Sporulation proteins/ other,NA
SW 4.2.1.4,BSU23440,spoVAA,Lifestyles,Sporulation,Sporulation proteins,Sporulation proteins/ other,NA
SW 4.2.1.4,BSU23450,sigF,Lifestyles,Sporulation,Sporulation proteins,Sporulation proteins/ other,NA
SW 4.2.1.4,BSU23460,spoIIAB,Lifestyles,Sporulation,Sporulation proteins,Sporulation proteins/ other,NA
SW 4.2.1.4,BSU23470,spoIIAA,Lifestyles,Sporulation,Sporulation proteins,Sporulation proteins/ other,NA
SW 4.2.1.4,BSU23480,dacF,Lifestyles,Sporulation,Sporulation proteins,Sporulation proteins/ other,NA
SW 3.1.3,BSU23510,ripX,Information processing,Genetics,DNA condensation/ segregation,NA,NA
SW 4.2.1.4,BSU23530,spoIIM,Lifestyles,Sporulation,Sporulation proteins,Sporulation proteins/ other,NA
SW 4.2.1.5,BSU23616,mciZ,Lifestyles,Sporulation,Sporulation proteins,Newly identified sporulation proteins (based on transcription profiling),NA
SW 6.6,BSU23620,yqkF,Groups of genes,Poorly characterized/ putative enzymes,NA,NA,NA
SW 4.2.1.4,BSU23930,yqjC,Lifestyles,Sporulation,Sporulation proteins,Sporulation proteins/ other,NA
SW 4.2.1.5,BSU23940,yqjB,Lifestyles,Sporulation,Sporulation proteins,Newly identified sporulation proteins (based on transcription profiling),NA
SW 4.2.1.4,BSU24120,mmgF,Lifestyles,Sporulation,Sporulation proteins,Sporulation proteins/ other,NA
SW 4.2.1.4,BSU24130,mmgE,Lifestyles,Sporulation,Sporulation proteins,Sporulation proteins/ other,NA
SW 4.2.1.4,BSU24140,mmgD,Lifestyles,Sporulation,Sporulation proteins,Sporulation proteins/ other,NA
SW 4.2.1.4,BSU24150,mmgC,Lifestyles,Sporulation,Sporulation proteins,Sporulation proteins/ other,NA
SW 4.2.1.4,BSU24160,mmgB,Lifestyles,Sporulation,Sporulation proteins,Sporulation proteins/ other,NA
SW 4.2.1.4,BSU24170,mmgA,Lifestyles,Sporulation,Sporulation proteins,Sporulation proteins/ other,NA
SW 4.2.2,BSU24220,spo0A,Lifestyles,Sporulation,phosphorelay,NA,NA
SW 4.2.1.4,BSU24230,spoIVB,Lifestyles,Sporulation,Sporulation proteins,Sporulation proteins/ other,NA
SW 4.2.1.4,BSU24360,spoIIIAH,Lifestyles,Sporulation,Sporulation proteins,Sporulation proteins/ other,NA
SW 4.2.1.4,BSU24370,spoIIIAG,Lifestyles,Sporulation,Sporulation proteins,Sporulation proteins/ other,NA
SW 4.2.1.4,BSU24380,spoIIIAF,Lifestyles,Sporulation,Sporulation proteins,Sporulation proteins/ other,NA
SW 4.2.1.4,BSU24390,spoIIIAE,Lifestyles,Sporulation,Sporulation proteins,Sporulation proteins/ other,NA
SW 4.2.1.4,BSU24400,spoIIIAD,Lifestyles,Sporulation,Sporulation proteins,Sporulation proteins/ other,NA
SW 4.2.1.4,BSU24410,spoIIIAC,Lifestyles,Sporulation,Sporulation proteins,Sporulation proteins/ other,NA
SW 4.2.1.4,BSU24420,spoIIIAB,Lifestyles,Sporulation,Sporulation proteins,Sporulation proteins/ other,NA
SW 4.2.1.4,BSU24430,spoIIIAA,Lifestyles,Sporulation,Sporulation proteins,Sporulation proteins/ other,NA
SW 4.2.1.5,BSU24440,yqhV,Lifestyles,Sporulation,Sporulation proteins,Newly identified sporulation proteins (based on transcription profiling),NA
SW 2.3.3.4,BSU24460,papA,Metabolism,Amino acid/ nitrogen metabolism,Utilization of nitrogen sources other than amino acids,Utilization of peptides,NA
SW 4.2.1.5,BSU24480,yqhR,Lifestyles,Sporulation,Sporulation proteins,Newly identified sporulation proteins (based on transcription profiling),NA
SW 4.2.1.4,BSU24490,yqhQ,Lifestyles,Sporulation,Sporulation proteins,Sporulation proteins/ other,NA
SW 4.2.1.4,BSU24500,yqhP,Lifestyles,Sporulation,Sporulation proteins,Sporulation proteins/ other,NA
SW 4.2.1.5,BSU24510,yqhO,Lifestyles,Sporulation,Sporulation proteins,Newly identified sporulation proteins (based on transcription profiling),NA
SW 2.3.2.8,BSU24550,gcvPB,Metabolism,Amino acid/ nitrogen metabolism,Utilization of amino acids,Utilization of threonine/ glycine,NA
SW 2.3.2.8,BSU24560,gcvPA,Metabolism,Amino acid/ nitrogen metabolism,Utilization of amino acids,Utilization of threonine/ glycine,NA
SW 2.3.2.8,BSU24570,gcvT,Metabolism,Amino acid/ nitrogen metabolism,Utilization of amino acids,Utilization of threonine/ glycine,NA
SW 4.2.1.4,BSU24580,yqhH,Lifestyles,Sporulation,Sporulation proteins,Sporulation proteins/ other,NA
SW 4.2.1.4,BSU24590,yqhG,Lifestyles,Sporulation,Sporulation proteins,Sporulation proteins/ other,NA
SW 3.4.2.7,BSU24600,sinI,Information processing,Regulation of gene expression,Transcription factors and their control,Control of transcription factor (other than two-component system),NA
SW 3.4.2.5,BSU24610,sinR,Information processing,Regulation of gene expression,Transcription factors and their control,Transcription factors/ other,NA
SW 4.1.2,BSU24620,tasA,Lifestyles,Exponential and early post-exponential lifestyles,Biofilm formation,NA,NA
SW 4.1.2,BSU24640,tapA,Lifestyles,Exponential and early post-exponential lifestyles,Biofilm formation,NA,NA
SW 4.2.1.4,BSU24650,yqzG,Lifestyles,Sporulation,Sporulation proteins,Sporulation proteins/ other,NA
SW 4.2.3,BSU24660,spoIIIL,Lifestyles,Sporulation,Sporulation/ other,NA,NA
SW 1.1.3.4,BSU24830,yqgT,Cellular processes,Cell envelope and cell division,Cell wall degradation/ turnover,Endopeptidases,NA
SW 4.2.1.5,BSU24880,yqgO,Lifestyles,Sporulation,Sporulation proteins,Newly identified sporulation proteins (based on transcription profiling),NA
SW 4.2.1.5,BSU25010,yqgE,Lifestyles,Sporulation,Sporulation proteins,Newly identified sporulation proteins (based on transcription profiling),NA
SW 4.2.1.4,BSU25060,yqfZ,Lifestyles,Sporulation,Sporulation proteins,Sporulation proteins/ other,NA
SW 4.2.1.4,BSU25070,ispG,Lifestyles,Sporulation,Sporulation proteins,Sporulation proteins/ other,NA
SW 4.2.1.4,BSU25080,yqfX,Lifestyles,Sporulation,Sporulation proteins,Sporulation proteins/ other,NA
SW 6.2,BSU25110,yqfU,Groups of genes,Membrane proteins,NA,NA,NA
SW 4.2.1.1.8,BSU25120,yqfT,Lifestyles,Sporulation,Sporulation proteins,Spore coat proteins,Not yet assigned
SW 3.1.5,BSU25130,nfo,Information processing,Genetics,DNA repair/ recombination,NA,NA
SW 4.2.1.4,BSU25150,yqfQ,Lifestyles,Sporulation,Sporulation proteins,Sporulation proteins/ other,NA
SW 3.2.1.2,BSU25200,sigA,Information processing,RNA synthesis and degradation,Transcription,Sigma factors,NA
SW 4.2.1.4,BSU25350,yqfD,Lifestyles,Sporulation,Sporulation proteins,Sporulation proteins/ other,NA
SW 4.2.1.4,BSU25360,yqfC,Lifestyles,Sporulation,Sporulation proteins,Sporulation proteins/ other,NA
SW 1.2.4.8,BSU25420,yqeW,Cellular processes,Transporters,Transporters/ other,Uptake of other small ions,NA
SW 2.6.2.6,BSU25500,hemN,Metabolism,Additional metabolic pathways,Biosynthesis of cofactors,Biosynthesis of heme/ siroheme,NA
SW 4.2.1.4,BSU25520,yqxA,Lifestyles,Sporulation,Sporulation proteins,Sporulation proteins/ other,NA
SW 4.2.1.4,BSU25530,spoIIP,Lifestyles,Sporulation,Sporulation proteins,Sporulation proteins/ other,NA
SW 4.2.4.2,BSU25540,gpr,Lifestyles,Sporulation,Germination,Additional germination proteins,NA
SW 4.2.1.5,BSU25600,comER,Lifestyles,Sporulation,Sporulation proteins,Newly identified sporulation proteins (based on transcription profiling),NA
SW 4.2.2.2,BSU25690,sda,Lifestyles,Sporulation,phosphorelay,Proteins controlling the activity of the kinases,NA
SW 4.2.1.4,BSU25710,cwlH,Lifestyles,Sporulation,Sporulation proteins,Sporulation proteins/ other,NA
SW 4.2.1.5,BSU25730,yqeC,Lifestyles,Sporulation,Sporulation proteins,Newly identified sporulation proteins (based on transcription profiling),NA
SW 2.5.1,BSU25750,nucB,Metabolism,Nucleotide metabolism,Utilization of nucleotides,NA,NA
SW 4.2.1.4,BSU25760,sigK,Lifestyles,Sporulation,Sporulation proteins,Sporulation proteins/ other,NA
SW 4.2.1.4,BSU25770,spoIVCA,Lifestyles,Sporulation,Sporulation proteins,Sporulation proteins/ other,NA
SW 4.3.11,BSU25780,arsC,Lifestyles,Coping with stress,Resistance against toxic metals,NA,NA
SW 1.2.4.5,BSU25790,arsB,Cellular processes,Transporters,Transporters/ other,Metal ion transporter,NA
SW 4.2.1.4,BSU25800,yqcK,Lifestyles,Sporulation,Sporulation proteins,Sporulation proteins/ other,NA
SW 3.4.2.5,BSU25810,arsR,Information processing,Regulation of gene expression,Transcription factors and their control,Transcription factors/ other,NA
SW 4.2.1.5,BSU25820,yqcI,Lifestyles,Sporulation,Sporulation proteins,Newly identified sporulation proteins (based on transcription profiling),NA
SW 4.2.2.5,BSU25830,rapE,Lifestyles,Sporulation,phosphorelay,Phosphatases controlling the phosphorelay,NA
SW 4.2.2.6,BSU25840,phrE,Lifestyles,Sporulation,phosphorelay,Other protein controlling the activity of the phosphorelay,NA
SW 4.2.1.5,BSU26240,yqaO,Lifestyles,Sporulation,Sporulation proteins,Newly identified sporulation proteins (based on transcription profiling),NA
SW 4.2.1.5,BSU26250,yqaN,Lifestyles,Sporulation,Sporulation proteins,Newly identified sporulation proteins (based on transcription profiling),NA
SW 4.2.1.5,BSU26259,yqzO,Lifestyles,Sporulation,Sporulation proteins,Newly identified sporulation proteins (based on transcription profiling),NA
SW 5.1.3,BSU26380,yqaB,Prophages and mobile genetic elements,Prophages,Skin element,NA,NA
SW 4.2.1.4,BSU26390,sigKC,Lifestyles,Sporulation,Sporulation proteins,Sporulation proteins/ other,NA
SW 4.2.1.5,BSU26559,yrzN,Lifestyles,Sporulation,Sporulation proteins,Newly identified sporulation proteins (based on transcription profiling),NA
SW 4.2.1.4,BSU26560,yrkC,Lifestyles,Sporulation,Sporulation proteins,Sporulation proteins/ other,NA
SW 4.2.1.5,BSU26740,cypA,Lifestyles,Sporulation,Sporulation proteins,Newly identified sporulation proteins (based on transcription profiling),NA
SW 4.2.1.2,BSU26950,yraG,Lifestyles,Sporulation,Sporulation proteins,Spore coat protein/ based on similarity,NA
SW 4.2.1.2,BSU26960,yraF,Lifestyles,Sporulation,Sporulation proteins,Spore coat protein/ based on similarity,NA
SW 4.2.1.4,BSU26970,adhB,Lifestyles,Sporulation,Sporulation proteins,Sporulation proteins/ other,NA
SW 4.2.1.2,BSU26980,yraE,Lifestyles,Sporulation,Sporulation proteins,Spore coat protein/ based on similarity,NA
SW 4.2.1.2,BSU26990,yraD,Lifestyles,Sporulation,Sporulation proteins,Spore coat protein/ based on similarity,NA
SW 2.3.1.9,BSU27250,mccB,Metabolism,Amino acid/ nitrogen metabolism,Biosynthesis/ acquisition of amino acids,Biosynthesis/ acquisition of cysteine,NA
SW 2.3.1.9,BSU27260,mccA,Metabolism,Amino acid/ nitrogen metabolism,Biosynthesis/ acquisition of amino acids,Biosynthesis/ acquisition of cysteine,NA
SW 4.2.1.5,BSU27290,yrzA,Lifestyles,Sporulation,Sporulation proteins,Newly identified sporulation proteins (based on transcription profiling),NA
SW 4.2.1.4,BSU27300,yrrS,Lifestyles,Sporulation,Sporulation proteins,Sporulation proteins/ other,NA
SW 4.2.1.4,BSU27310,pbpI,Lifestyles,Sporulation,Sporulation proteins,Sporulation proteins/ other,NA
SW 4.2.1.5,BSU27420,yrrI,Lifestyles,Sporulation,Sporulation proteins,Newly identified sporulation proteins (based on transcription profiling),NA
SW 4.2.1.4,BSU27430,glnQ,Lifestyles,Sporulation,Sporulation proteins,Sporulation proteins/ other,NA
SW 4.2.1.4,BSU27440,glnH,Lifestyles,Sporulation,Sporulation proteins,Sporulation proteins/ other,NA
SW 4.2.1.4,BSU27450,glnM,Lifestyles,Sporulation,Sporulation proteins,Sporulation proteins/ other,NA
SW 4.2.1.4,BSU27460,glnP,Lifestyles,Sporulation,Sporulation proteins,Sporulation proteins/ other,NA
SW 4.2.1.5,BSU27468,yrzQ,Lifestyles,Sporulation,Sporulation proteins,Newly identified sporulation proteins (based on transcription profiling),NA
SW 4.2.1.5,BSU27469,yrzR,Lifestyles,Sporulation,Sporulation proteins,Newly identified sporulation proteins (based on transcription profiling),NA
SW 4.2.1.4,BSU27470,yrrD,Lifestyles,Sporulation,Sporulation proteins,Sporulation proteins/ other,NA
SW 4.2.1.5,BSU27570,yrzK,Lifestyles,Sporulation,Sporulation proteins,Newly identified sporulation proteins (based on transcription profiling),NA
SW 4.2.1.4,BSU27670,spoVB,Lifestyles,Sporulation,Sporulation proteins,Sporulation proteins/ other,NA
SW 4.2.1.5,BSU27680,yrbG,Lifestyles,Sporulation,Sporulation proteins,Newly identified sporulation proteins (based on transcription profiling),NA
SW 4.2.1.5,BSU27690,yrzE,Lifestyles,Sporulation,Sporulation proteins,Newly identified sporulation proteins (based on transcription profiling),NA
SW 4.2.1.4,BSU27750,bofC,Lifestyles,Sporulation,Sporulation proteins,Sporulation proteins/ other,NA
SW 4.2.1.4,BSU27760,csbX,Lifestyles,Sporulation,Sporulation proteins,Sporulation proteins/ other,NA
SW 4.2.1.5,BSU27810,yrbD,Lifestyles,Sporulation,Sporulation proteins,Newly identified sporulation proteins (based on transcription profiling),NA
SW 4.2.1.4,BSU27830,coxA,Lifestyles,Sporulation,Sporulation proteins,Sporulation proteins/ other,NA
SW 4.2.1.1.8,BSU27840,safA,Lifestyles,Sporulation,Sporulation proteins,Spore coat proteins,Not yet assigned
SW 2.6.2.11,BSU27850,nadA,Metabolism,Additional metabolic pathways,Biosynthesis of cofactors,Biosynthesis of NAD(P),NA
SW 4.2.2,BSU27920,obg,Lifestyles,Sporulation,phosphorelay,NA,NA
SW 4.2.2.3,BSU27930,spo0B,Lifestyles,Sporulation,phosphorelay,The phosphotransferases,NA
SW 4.2.1.4,BSU27970,spoIVFB,Lifestyles,Sporulation,Sporulation proteins,Sporulation proteins/ other,NA
SW 4.2.1.4,BSU27980,spoIVFA,Lifestyles,Sporulation,Sporulation proteins,Sporulation proteins/ other,NA
SW 1.1.8.1,BSU27990,minD,Cellular processes,Cell envelope and cell division,Cell division,The Min system,NA
SW 1.1.8.1,BSU28000,minC,Cellular processes,Cell envelope and cell division,Cell division,The Min system,NA
SW 1.1.2,BSU28030,mreB,Cellular processes,Cell envelope and cell division,Cell shape,NA,NA
SW 4.2.3,BSU28060,spoIIB,Lifestyles,Sporulation,Sporulation/ other,NA,NA
SW 4.2.1.1.3,BSU28100,ysxE,Lifestyles,Sporulation,Sporulation proteins,Spore coat proteins,Class III
SW 4.2.1.1.1,BSU28110,spoVID,Lifestyles,Sporulation,Sporulation proteins,Spore coat proteins,Class I
SW 4.2.1.4,BSU28210,lonB,Lifestyles,Sporulation,Sporulation proteins,Sporulation proteins/ other,NA
SW 4.2.1.1.4,BSU28320,ysnD,Lifestyles,Sporulation,Sporulation proteins,Spore coat proteins,Class IV
SW 6.6,BSU28330,ysnE,Groups of genes,Poorly characterized/ putative enzymes,NA,NA,NA
SW 6.7,BSU28350,ysnB,Groups of genes,Proteins of unknown function,NA,NA,NA
SW 6.6,BSU28360,ysnA,Groups of genes,Poorly characterized/ putative enzymes,NA,NA,NA
SW 3.2.4.1,BSU28370,rph,Information processing,RNA synthesis and degradation,RNases,Exoribonucleases,NA
SW 4.2.4.2,BSU28380,gerM,Lifestyles,Sporulation,Germination,Additional germination proteins,NA
SW 1.1.1.1,BSU28390,racE,Cellular processes,Cell envelope and cell division,Cell wall synthesis,Biosynthesis of peptidoglycan,NA
SW 3.4.2.6,BSU28400,ysmB,Information processing,Regulation of gene expression,Transcription factors and their control,Transcription factor/ other/ based on similarity,NA
SW 4.2.4.2,BSU28410,gerE,Lifestyles,Sporulation,Germination,Additional germination proteins,NA
SW 6.7,BSU28460,yslB,Groups of genes,Proteins of unknown function,NA,NA,NA
SW 4.2.1.3,BSU28660,sspI,Lifestyles,Sporulation,Sporulation proteins,Small acid-soluble spore proteins,NA
SW 3.4.2.6,BSU28670,ysfB,Information processing,Regulation of gene expression,Transcription factors and their control,Transcription factor/ other/ based on similarity,NA
SW 4.2.1.4,BSU28960,ytxC,Lifestyles,Sporulation,Sporulation proteins,Sporulation proteins/ other,NA
SW 3.1.1,BSU28990,dnaB,Information processing,Genetics,DNA replication,NA,NA
SW 2.2.1.2,BSU29020,gapB,Metabolism,Carbon metabolism,Carbon core metabolism,Gluconeogenesis,NA
SW 4.3.14,BSU29040,ytbD,Lifestyles,Coping with stress,Resistance against toxins/ antibiotics/ based on similarity,NA,NA
SW 4.2.3,BSU29070,ytaF,Lifestyles,Sporulation,Sporulation/ other,NA,NA
SW 4.2.1.4,BSU29100,phoR,Lifestyles,Sporulation,Sporulation proteins,Sporulation proteins/ other,NA
SW 4.2.1.4,BSU29110,phoP,Lifestyles,Sporulation,Sporulation proteins,Sporulation proteins/ other,NA
SW 4.2.1.5,BSU29150,ytwI,Lifestyles,Sporulation,Sporulation proteins,Newly identified sporulation proteins (based on transcription profiling),NA
SW 4.2.1.4,BSU29160,ytvI,Lifestyles,Sporulation,Sporulation proteins,Sporulation proteins/ other,NA
SW 4.2.1.4,BSU29239,ytrH,Lifestyles,Sporulation,Sporulation proteins,Sporulation proteins/ other,NA
SW 4.2.1.4,BSU29240,ytrI,Lifestyles,Sporulation,Sporulation proteins,Sporulation proteins/ other,NA
SW 3.2.4.1,BSU29250,nrnA,Information processing,RNA synthesis and degradation,RNases,Exoribonucleases,NA
SW 6.6,BSU29420,ytkK,Groups of genes,Poorly characterized/ putative enzymes,NA,NA,NA
SW 4.2.4.2,BSU29500,gerW,Lifestyles,Sporulation,Germination,Additional germination proteins,NA
SW 4.2.1.4,BSU29510,ytfI,Lifestyles,Sporulation,Sporulation proteins,Sporulation proteins/ other,NA
SW 4.2.1.3,BSU29570,sspA,Lifestyles,Sporulation,Sporulation proteins,Small acid-soluble spore proteins,NA
SW 4.2.1.4,BSU29630,refZ,Lifestyles,Sporulation,Sporulation proteins,Sporulation proteins/ other,NA
SW 4.3.1,BSU29780,ytxG,Lifestyles,Coping with stress,General stress proteins (controlled by SigB),NA,NA
SW 4.2.1.5,BSU29910,ytzH,Lifestyles,Sporulation,Sporulation proteins,Newly identified sporulation proteins (based on transcription profiling),NA
SW 6.7,BSU29940,ytlR,Groups of genes,Proteins of unknown function,NA,NA,NA
SW 3.4.2.6,BSU30020,ytzE,Information processing,Regulation of gene expression,Transcription factors and their control,Transcription factor/ other/ based on similarity,NA
SW 1.2.4.9,BSU30070,opuD,Cellular processes,Transporters,Transporters/ other,Uptake of compatible solutes,NA
SW 4.2.1.4,BSU30080,yteV,Lifestyles,Sporulation,Sporulation proteins,Sporulation proteins/ other,NA
SW 4.2.1.5,BSU30100,yteT,Lifestyles,Sporulation,Sporulation proteins,Newly identified sporulation proteins (based on transcription profiling),NA
SW 4.2.1.5,BSU30330,ytvB,Lifestyles,Sporulation,Sporulation proteins,Newly identified sporulation proteins (based on transcription profiling),NA
SW 4.2.1.5,BSU30470,ytzC,Lifestyles,Sporulation,Sporulation proteins,Newly identified sporulation proteins (based on transcription profiling),NA
SW 4.3.2,BSU30500,ytpB,Lifestyles,Coping with stress,"Cell envelope stress proteins (controlled by SigM, V, W, X, Y)",NA,NA
SW 4.3.2,BSU30510,ytpA,Lifestyles,Coping with stress,"Cell envelope stress proteins (controlled by SigM, V, W, X, Y)",NA,NA
SW 4.2.1.4,BSU30595,ytlA,Lifestyles,Sporulation,Sporulation proteins,Sporulation proteins/ other,NA
SW 4.2.1.4,BSU30610,ytlC,Lifestyles,Sporulation,Sporulation proteins,Sporulation proteins/ other,NA
SW 4.2.1.4,BSU30620,ytlD,Lifestyles,Sporulation,Sporulation proteins,Sporulation proteins/ other,NA
SW 4.2.1.4,BSU30630,rppH,Lifestyles,Sporulation,Sporulation proteins,Sporulation proteins/ other,NA
SW 4.2.1.5,BSU30640,ytkC,Lifestyles,Sporulation,Sporulation proteins,Newly identified sporulation proteins (based on transcription profiling),NA
SW 4.2.1.5,BSU30710,ythA,Lifestyles,Sporulation,Sporulation proteins,Newly identified sporulation proteins (based on transcription profiling),NA
SW 4.2.1.5,BSU30720,ythB,Lifestyles,Sporulation,Sporulation proteins,Newly identified sporulation proteins (based on transcription profiling),NA
SW 4.2.1.5,BSU30739,ytzL,Lifestyles,Sporulation,Sporulation proteins,Newly identified sporulation proteins (based on transcription profiling),NA
SW 4.2.1.4,BSU30840,yteA,Lifestyles,Sporulation,Sporulation proteins,Sporulation proteins/ other,NA
SW 4.2.1.5,BSU30850,ytdA,Lifestyles,Sporulation,Sporulation proteins,Newly identified sporulation proteins (based on transcription profiling),NA
SW 4.2.1.5,BSU30860,ytcA,Lifestyles,Sporulation,Sporulation proteins,Newly identified sporulation proteins (based on transcription profiling),NA
SW 4.2.1.4,BSU30870,ytcB,Lifestyles,Sporulation,Sporulation proteins,Sporulation proteins/ other,NA
SW 4.2.1.4,BSU30880,ytcC,Lifestyles,Sporulation,Sporulation proteins,Sporulation proteins/ other,NA
SW 4.2.1.1.5,BSU30890,ytxO,Lifestyles,Sporulation,Sporulation proteins,Spore coat proteins,Class V
SW 4.2.1.1.5,BSU30900,cotS,Lifestyles,Sporulation,Sporulation proteins,Spore coat proteins,Class V
SW 4.2.1.1.8,BSU30910,cotSA,Lifestyles,Sporulation,Sporulation proteins,Spore coat proteins,Not yet assigned
SW 4.2.1.1.8,BSU30920,cotI,Lifestyles,Sporulation,Sporulation proteins,Spore coat proteins,Not yet assigned
SW 4.2.1.4,BSU30940,glgP,Lifestyles,Sporulation,Sporulation proteins,Sporulation proteins/ other,NA
SW 4.2.1.4,BSU30950,glgA,Lifestyles,Sporulation,Sporulation proteins,Sporulation proteins/ other,NA
SW 4.2.1.4,BSU30960,glgD,Lifestyles,Sporulation,Sporulation proteins,Sporulation proteins/ other,NA
SW 4.2.1.4,BSU30970,glgC,Lifestyles,Sporulation,Sporulation proteins,Sporulation proteins/ other,NA
SW 4.2.1.4,BSU30980,glgB,Lifestyles,Sporulation,Sporulation proteins,Sporulation proteins/ other,NA
SW 4.2.3,BSU31010,floT,Lifestyles,Sporulation,Sporulation/ other,NA,NA
SW 6.7,BSU31030,bstB,Groups of genes,Proteins of unknown function,NA,NA,NA
SW 4.2.2.2,BSU31080,bslA,Lifestyles,Sporulation,phosphorelay,Proteins controlling the activity of the kinases,NA
SW 4.2.1.5,BSU31140,yubC,Lifestyles,Sporulation,Sporulation proteins,Newly identified sporulation proteins (based on transcription profiling),NA
SW 4.2.1.1.5,BSU31270,tgl,Lifestyles,Sporulation,Sporulation proteins,Spore coat proteins,Class V
SW 4.2.1.5,BSU31290,yugT,Lifestyles,Sporulation,Sporulation proteins,Newly identified sporulation proteins (based on transcription profiling),NA
SW 4.2.1.5,BSU31300,yugS,Lifestyles,Sporulation,Sporulation proteins,Newly identified sporulation proteins (based on transcription profiling),NA
SW 4.2.1.5,BSU31310,yugP,Lifestyles,Sporulation,Sporulation proteins,Newly identified sporulation proteins (based on transcription profiling),NA
SW 4.2.1.5,BSU31319,yuzI,Lifestyles,Sporulation,Sporulation proteins,Newly identified sporulation proteins (based on transcription profiling),NA
SW 4.2.1.5,BSU31321,mstX,Lifestyles,Sporulation,Sporulation proteins,Newly identified sporulation proteins (based on transcription profiling),NA
SW 4.2.1.5,BSU31322,yugO,Lifestyles,Sporulation,Sporulation proteins,Newly identified sporulation proteins (based on transcription profiling),NA
SW 4.2.1.4,BSU31380,yuzA,Lifestyles,Sporulation,Sporulation proteins,Sporulation proteins/ other,NA
SW 4.2.1.5,BSU31420,yugF,Lifestyles,Sporulation,Sporulation proteins,Newly identified sporulation proteins (based on transcription profiling),NA
SW 2.3.1.10,BSU31440,patB,Metabolism,Amino acid/ nitrogen metabolism,Biosynthesis/ acquisition of amino acids,Biosynthesis/ acquisition of methionine/ S-adenosylmethionine,NA
SW 4.2.2.1,BSU31450,kinB,Lifestyles,Sporulation,phosphorelay,The kinases,NA
SW 4.2.2.2,BSU31460,kapB,Lifestyles,Sporulation,phosphorelay,Proteins controlling the activity of the kinases,NA
SW 4.2.2,BSU31470,kapD,Lifestyles,Sporulation,phosphorelay,NA,NA
SW 4.2.1.5,BSU31590,yufS,Lifestyles,Sporulation,Sporulation proteins,Newly identified sporulation proteins (based on transcription profiling),NA
SW 4.2.1.1.1,BSU31730,yuzC,Lifestyles,Sporulation,Sporulation proteins,Spore coat proteins,Class I
SW 4.2.1.5,BSU31790,yueG,Lifestyles,Sporulation,Sporulation proteins,Newly identified sporulation proteins (based on transcription profiling),NA
SW 4.2.1.5,BSU31810,yuzE,Lifestyles,Sporulation,Sporulation proteins,Newly identified sporulation proteins (based on transcription profiling),NA
SW 4.2.1.5,BSU31820,yuzF,Lifestyles,Sporulation,Sporulation proteins,Newly identified sporulation proteins (based on transcription profiling),NA
SW 2.3.2.7,BSU31930,ald,Metabolism,Amino acid/ nitrogen metabolism,Utilization of amino acids,Utilization of alanine/ serine,NA
SW 6.6,BSU32050,yuiE,Groups of genes,Poorly characterized/ putative enzymes,NA,NA,NA
SW 4.2.1.4,BSU32070,yuiC,Lifestyles,Sporulation,Sporulation proteins,Sporulation proteins/ other,NA
SW 4.2.1.5,BSU32100,yumB,Lifestyles,Sporulation,Sporulation proteins,Newly identified sporulation proteins (based on transcription profiling),NA
SW 3.4.2.5,BSU32140,paiB,Information processing,Regulation of gene expression,Transcription factors and their control,Transcription factors/ other,NA
SW 2.6.6.6,BSU32150,paiA,Metabolism,Additional metabolic pathways,Miscellaneous metabolic pathways,Metabolism of polyamines,NA
SW 2.1.4,BSU32200,yutJ,Metabolism,Electron transport and ATP synthesis,Electron transport/ other/ based on similarity,NA,NA
SW 4.2.1.1.3,BSU32270,yutH,Lifestyles,Sporulation,Sporulation proteins,Spore coat proteins,Class III
SW 4.2.1.5,BSU32280,yutG,Lifestyles,Sporulation,Sporulation proteins,Newly identified sporulation proteins (based on transcription profiling),NA
SW 4.2.1.5,BSU32320,yutC,Lifestyles,Sporulation,Sporulation proteins,Newly identified sporulation proteins (based on transcription profiling),NA
SW 4.2.1.4,BSU32340,lytH,Lifestyles,Sporulation,Sporulation proteins,Sporulation proteins/ other,NA
SW 4.2.1.4,BSU32350,fisB,Lifestyles,Sporulation,Sporulation proteins,Sporulation proteins/ other,NA
SW 4.2.1.5,BSU32360,yunC,Lifestyles,Sporulation,Sporulation proteins,Newly identified sporulation proteins (based on transcription profiling),NA
SW 2.5.1,BSU32410,pucH,Metabolism,Nucleotide metabolism,Utilization of nucleotides,NA,NA
SW 2.5.1,BSU32450,pucL,Metabolism,Nucleotide metabolism,Utilization of nucleotides,NA,NA
SW 4.2.1.3,BSU32640,sspG,Lifestyles,Sporulation,Sporulation proteins,Small acid-soluble spore proteins,NA
SW 4.2.1.4,BSU32650,yurS,Lifestyles,Sporulation,Sporulation proteins,Sporulation proteins/ other,NA
SW 4.2.1.5,BSU32720,yurZ,Lifestyles,Sporulation,Sporulation proteins,Newly identified sporulation proteins (based on transcription profiling),NA
SW 4.2.1.5,BSU32849,yuzL,Lifestyles,Sporulation,Sporulation proteins,Newly identified sporulation proteins (based on transcription profiling),NA
SW 4.2.1.5,BSU32850,fadM,Lifestyles,Sporulation,Sporulation proteins,Newly identified sporulation proteins (based on transcription profiling),NA
SW 4.2.1.5,BSU32859,yuzM,Lifestyles,Sporulation,Sporulation proteins,Newly identified sporulation proteins (based on transcription profiling),NA
SW 4.2.1.4,BSU32860,yusN,Lifestyles,Sporulation,Sporulation proteins,Sporulation proteins/ other,NA
SW 4.2.1.5,BSU32950,yusW,Lifestyles,Sporulation,Sporulation proteins,Newly identified sporulation proteins (based on transcription profiling),NA
SW 4.2.4.1,BSU33050,gerAA,Lifestyles,Sporulation,Germination,Germinant receptors,NA
SW 4.2.4.1,BSU33060,gerAB,Lifestyles,Sporulation,Germination,Germinant receptors,NA
SW 4.2.4.1,BSU33070,gerAC,Lifestyles,Sporulation,Germination,Germinant receptors,NA
SW 4.2.1.3,BSU33340,sspJ,Lifestyles,Sporulation,Sporulation proteins,Small acid-soluble spore proteins,NA
SW 4.3.1,BSU33410,yvgO,Lifestyles,Coping with stress,General stress proteins (controlled by SigB),NA,NA
SW 4.2.1.4,BSU33470,bdbC,Lifestyles,Sporulation,Sporulation proteins,Sporulation proteins/ other,NA
SW 4.2.1.4,BSU33480,bdbD,Lifestyles,Sporulation,Sporulation proteins,Sporulation proteins/ other,NA
SW 4.2.1.4,BSU33540,azoR2,Lifestyles,Sporulation,Sporulation proteins,Sporulation proteins/ other,NA
SW 4.2.1.5,BSU33550,yvaC,Lifestyles,Sporulation,Sporulation proteins,Newly identified sporulation proteins (based on transcription profiling),NA
SW 3.3.1.12,BSU33600,smpB,Information processing,"Protein synthesis, modification and degradation",Translation,Translation/ other,NA
SW 4.2.1.5,BSU33640,yvaM,Lifestyles,Sporulation,Sporulation proteins,Newly identified sporulation proteins (based on transcription profiling),NA
SW 4.2.2,BSU33660,rghR,Lifestyles,Sporulation,phosphorelay,NA,NA
SW 6.7,BSU33860,yvbH,Groups of genes,Proteins of unknown function,NA,NA,NA
SW 2.2.1.1,BSU33910,pgm,Metabolism,Carbon metabolism,Carbon core metabolism,Glycolysis,NA
SW 2.2.1.1,BSU33920,tpi,Metabolism,Carbon metabolism,Carbon core metabolism,Glycolysis,NA
SW 2.1.5.2,BSU33930,pgk,Metabolism,Electron transport and ATP synthesis,ATP synthesis,Substrate-level phosphorylation,NA
SW 2.2.2.6,BSU33970,araR,Metabolism,Carbon metabolism,Utilization of specific carbon sources,Utilization of arabinan/ arabinose/ arabitol,NA
SW 4.2.1.4,BSU34470,yveA,Lifestyles,Sporulation,Sporulation proteins,Sporulation proteins/ other,NA
SW 4.2.1.2,BSU34510,yvdQ,Lifestyles,Sporulation,Sporulation proteins,Spore coat protein/ based on similarity,NA
SW 4.2.1.1.5,BSU34520,cotQ,Lifestyles,Sporulation,Sporulation proteins,Spore coat proteins,Class V
SW 4.2.1.1.8,BSU34530,cotR,Lifestyles,Sporulation,Sporulation proteins,Spore coat proteins,Not yet assigned
SW 1.2.1.1.1,BSU34600,mdxF,Cellular processes,Transporters,ABC transporters,Importers,Uptake of carbon sources
SW 4.2.4.2,BSU34990,lgt,Lifestyles,Sporulation,Germination,Additional germination proteins,NA
SW 4.2.1.5,BSU35040,yvnB,Lifestyles,Sporulation,Sporulation proteins,Newly identified sporulation proteins (based on transcription profiling),NA
SW 1.1.8.1,BSU35220,minJ,Cellular processes,Cell envelope and cell division,Cell division,The Min system,NA
SW 4.2.1.4,BSU35240,ctpB,Lifestyles,Sporulation,Sporulation proteins,Sporulation proteins/ other,NA
SW 4.2.2,BSU35250,ftsX,Lifestyles,Sporulation,phosphorelay,NA,NA
SW 4.2.2,BSU35260,ftsE,Lifestyles,Sporulation,phosphorelay,NA,NA
SW 4.2.1.4,BSU35540,tuaH,Lifestyles,Sporulation,Sporulation proteins,Sporulation proteins/ other,NA
SW 4.2.1.4,BSU35550,tuaG,Lifestyles,Sporulation,Sporulation proteins,Sporulation proteins/ other,NA
SW 4.2.1.4,BSU35560,tuaF,Lifestyles,Sporulation,Sporulation proteins,Sporulation proteins/ other,NA
SW 1.1.1.4,BSU35670,gtaB,Cellular processes,Cell envelope and cell division,Cell wall synthesis,Biosynthesis of teichoic acid,NA
SW 1.1.3.1,BSU35780,lytD,Cellular processes,Cell envelope and cell division,Cell wall degradation/ turnover,Autolysis,NA
SW 4.2.4.1,BSU35800,gerBA,Lifestyles,Sporulation,Germination,Germinant receptors,NA
SW 4.2.4.1,BSU35810,gerBB,Lifestyles,Sporulation,Germination,Germinant receptors,NA
SW 4.2.4.1,BSU35820,gerBC,Lifestyles,Sporulation,Germination,Germinant receptors,NA
SW 4.2.1.5,BSU36030,ywrK,Lifestyles,Sporulation,Sporulation proteins,Newly identified sporulation proteins (based on transcription profiling),NA
SW 4.2.1.4,BSU36040,ywrJ,Lifestyles,Sporulation,Sporulation proteins,Sporulation proteins/ other,NA
SW 4.2.1.1.5,BSU36050,cotB,Lifestyles,Sporulation,Sporulation proteins,Spore coat proteins,Class V
SW 4.2.1.1.8,BSU36060,cotH,Lifestyles,Sporulation,Sporulation proteins,Spore coat proteins,Not yet assigned
SW 4.2.1.1.5,BSU36070,cotG,Lifestyles,Sporulation,Sporulation proteins,Spore coat proteins,Class V
SW 4.2.3,BSU36130,ywrA,Lifestyles,Sporulation,Sporulation/ other,NA,NA
SW 4.2.1.5,BSU36170,ywqL,Lifestyles,Sporulation,Sporulation proteins,Newly identified sporulation proteins (based on transcription profiling),NA
SW 4.2.1.5,BSU36180,ywqK,Lifestyles,Sporulation,Sporulation proteins,Newly identified sporulation proteins (based on transcription profiling),NA
SW 4.2.1.5,BSU36190,ywqJ,Lifestyles,Sporulation,Sporulation proteins,Newly identified sporulation proteins (based on transcription profiling),NA
SW 4.2.1.5,BSU36200,ywqI,Lifestyles,Sporulation,Sporulation proteins,Newly identified sporulation proteins (based on transcription profiling),NA
SW 4.2.1.1.8,BSU36210,ywqH,Lifestyles,Sporulation,Sporulation proteins,Spore coat proteins,Not yet assigned
SW 6.4.7,BSU36230,ugd,Groups of genes,Phosphoproteins,Phosphorylation on a Tyr residue,NA,NA
SW 3.1.7,BSU36380,rapD,Information processing,Genetics,Genetic competence,NA,NA
SW 4.2.1.4,BSU36410,mbl,Lifestyles,Sporulation,Sporulation proteins,Sporulation proteins/ other,NA
SW 4.2.1.4,BSU36420,spoIIID,Lifestyles,Sporulation,Sporulation proteins,Sporulation proteins/ other,NA
SW 4.2.1.4,BSU36430,usd,Lifestyles,Sporulation,Sporulation proteins,Sporulation proteins/ other,NA
SW 4.2.1.5,BSU36480,ywoD,Lifestyles,Sporulation,Sporulation proteins,Newly identified sporulation proteins (based on transcription profiling),NA
SW 4.2.1.5,BSU36490,ywoC,Lifestyles,Sporulation,Sporulation proteins,Newly identified sporulation proteins (based on transcription profiling),NA
SW 4.2.1.4,BSU36540,ywnJ,Lifestyles,Sporulation,Sporulation proteins,Sporulation proteins/ other,NA
SW 4.2.1.4,BSU36550,spoIIQ,Lifestyles,Sporulation,Sporulation proteins,Sporulation proteins/ other,NA
SW 4.3.14,BSU36560,ywnH,Lifestyles,Coping with stress,Resistance against toxins/ antibiotics/ based on similarity,NA,NA
SW 4.2.1.5,BSU36570,ywnG,Lifestyles,Sporulation,Sporulation proteins,Newly identified sporulation proteins (based on transcription profiling),NA
SW 6.2,BSU36580,ywnF,Groups of genes,Membrane proteins,NA,NA,NA
SW 2.4.2.2,BSU36590,clsA,Metabolism,Lipid metabolism,Biosynthesis of lipids,Biosynthesis of phospholipids,NA
SW 4.2.2.5,BSU36690,rapB,Lifestyles,Sporulation,phosphorelay,Phosphatases controlling the phosphorelay,NA
SW 4.2.1.4,BSU36750,spoIID,Lifestyles,Sporulation,Sporulation proteins,Sporulation proteins/ other,NA
SW 4.2.3,BSU36770,spoIIT,Lifestyles,Sporulation,Sporulation/ other,NA,NA
SW 4.2.1.5,BSU36790,ywmA,Lifestyles,Sporulation,Sporulation proteins,Newly identified sporulation proteins (based on transcription profiling),NA
SW 3.1.9,BSU36950,tsaC,Information processing,Genetics,Newly identified competence genes,NA,NA
SW 4.3.1,BSU36960,ywlB,Lifestyles,Coping with stress,General stress proteins (controlled by SigB),NA,NA
SW 4.2.1.4,BSU36970,spoIIR,Lifestyles,Sporulation,Sporulation proteins,Sporulation proteins/ other,NA
SW 4.2.1.5,BSU36990,ywkF,Lifestyles,Sporulation,Sporulation proteins,Newly identified sporulation proteins (based on transcription profiling),NA
SW 1.1.8.2,BSU37030,racA,Cellular processes,Cell envelope and cell division,Cell division,Other genes,NA
SW 4.2.2.3,BSU37130,spo0F,Lifestyles,Sporulation,phosphorelay,The phosphotransferases,NA
SW 2.4.1.3,BSU37170,acdA,Metabolism,Lipid metabolism,Utilization of lipids,Utilization of fatty acids,NA
SW 2.4.1.3,BSU37180,fadF,Metabolism,Lipid metabolism,Utilization of lipids,Utilization of fatty acids,NA
SW 4.2.1.4,BSU37190,ywjE,Lifestyles,Sporulation,Sporulation proteins,Sporulation proteins/ other,NA
SW 4.2.1.4,BSU37200,ywjD,Lifestyles,Sporulation,Sporulation proteins,Sporulation proteins/ other,NA
SW 3.1.7,BSU37460,rapF,Information processing,Genetics,Genetic competence,NA,NA
SW 2.6.6.6,BSU37500,speE,Metabolism,Additional metabolic pathways,Miscellaneous metabolic pathways,Metabolism of polyamines,NA
SW 4.2.1.4,BSU37510,pbpG,Lifestyles,Sporulation,Sporulation proteins,Sporulation proteins/ other,NA
SW 4.2.1.4,BSU37620,rsfA,Lifestyles,Sporulation,Sporulation proteins,Sporulation proteins/ other,NA
SW 4.2.2.2,BSU37800,sivA,Lifestyles,Sporulation,phosphorelay,Proteins controlling the activity of the kinases,NA
SW 4.2.1.4,BSU37810,spsL,Lifestyles,Sporulation,Sporulation proteins,Sporulation proteins/ other,NA
SW 4.2.1.4,BSU37820,spsK,Lifestyles,Sporulation,Sporulation proteins,Sporulation proteins/ other,NA
SW 4.2.1.4,BSU37830,spsJ,Lifestyles,Sporulation,Sporulation proteins,Sporulation proteins/ other,NA
SW 4.2.1.4,BSU37840,spsI,Lifestyles,Sporulation,Sporulation proteins,Sporulation proteins/ other,NA
SW 4.2.1.4,BSU37850,spsG,Lifestyles,Sporulation,Sporulation proteins,Sporulation proteins/ other,NA
SW 4.2.1.4,BSU37860,spsF,Lifestyles,Sporulation,Sporulation proteins,Sporulation proteins/ other,NA
SW 4.2.1.4,BSU37870,spsE,Lifestyles,Sporulation,Sporulation proteins,Sporulation proteins/ other,NA
SW 4.2.1.4,BSU37880,spsD,Lifestyles,Sporulation,Sporulation proteins,Sporulation proteins/ other,NA
SW 4.2.1.4,BSU37890,spsC,Lifestyles,Sporulation,Sporulation proteins,Sporulation proteins/ other,NA
SW 4.2.1.1.8,BSU37900,spsB,Lifestyles,Sporulation,Sporulation proteins,Spore coat proteins,Not yet assigned
SW 4.2.1.4,BSU37910,spsA,Lifestyles,Sporulation,Sporulation proteins,Sporulation proteins/ other,NA
SW 4.2.1.1.8,BSU37920,gerQ,Lifestyles,Sporulation,Sporulation proteins,Spore coat proteins,Not yet assigned
SW 6.2,BSU37940,ywdJ,Groups of genes,Membrane proteins,NA,NA,NA
SW 6.6,BSU37960,ywdH,Groups of genes,Poorly characterized/ putative enzymes,NA,NA,NA
SW 4.2.3,BSU38130,ywcE,Lifestyles,Sporulation,Sporulation/ other,NA,NA
SW 4.2.1.4,BSU38230,ywcB,Lifestyles,Sporulation,Sporulation proteins,Sporulation proteins/ other,NA
SW 4.2.1.4,BSU38240,ywcA,Lifestyles,Sporulation,Sporulation proteins,Sporulation proteins/ other,NA
SW 6.7,BSU38350,ywbE,Groups of genes,Proteins of unknown function,NA,NA,NA
SW 4.2.1.5,BSU38380,ywbB,Lifestyles,Sporulation,Sporulation proteins,Newly identified sporulation proteins (based on transcription profiling),NA
SW 4.2.1.5,BSU38390,ywbA,Lifestyles,Sporulation,Sporulation proteins,Newly identified sporulation proteins (based on transcription profiling),NA
SW 4.2.1.5,BSU38440,ywaF,Lifestyles,Sporulation,Sporulation proteins,Newly identified sporulation proteins (based on transcription profiling),NA
SW 4.2.1.4,BSU38630,katX,Lifestyles,Sporulation,Sporulation proteins,Sporulation proteins/ other,NA
SW 1.2.1.3,BSU38730,cydD,Cellular processes,Transporters,ABC transporters,Regulatory ABC transporters,NA
SW 4.2.1.4,BSU38970,yxjF,Lifestyles,Sporulation,Sporulation proteins,Sporulation proteins/ other,NA
SW 4.2.1.4,BSU38980,scoB,Lifestyles,Sporulation,Sporulation proteins,Sporulation proteins/ other,NA
SW 4.2.1.4,BSU38990,scoA,Lifestyles,Sporulation,Sporulation proteins,Sporulation proteins/ other,NA
SW 4.2.1.4,BSU39000,hbuT,Lifestyles,Sporulation,Sporulation proteins,Sporulation proteins/ other,NA
SW 4.2.1.5,BSU39060,citH,Lifestyles,Sporulation,Sporulation proteins,Newly identified sporulation proteins (based on transcription profiling),NA
SW 6.2,BSU39100,yxiO,Groups of genes,Membrane proteins,NA,NA,NA
SW 3.2.3,BSU39110,deaD,Information processing,RNA synthesis and degradation,DEAD-box RNA helicases,NA,NA
SW 6.6,BSU39120,yxiM,Groups of genes,Poorly characterized/ putative enzymes,NA,NA,NA
SW 2.5.1,BSU39400,pdp,Metabolism,Nucleotide metabolism,Utilization of nucleotides,NA,NA
SW 4.2.1.1.5,BSU39580,yxeE,Lifestyles,Sporulation,Sporulation proteins,Spore coat proteins,Class V
SW 4.2.1.4,BSU39590,yxeD,Lifestyles,Sporulation,Sporulation proteins,Sporulation proteins/ other,NA
SW 2.2.2.16,BSU39770,iolR,Metabolism,Carbon metabolism,Utilization of specific carbon sources,Utilization of inositol,NA
SW 4.2.1.5,BSU40260,yycQ,Lifestyles,Sporulation,Sporulation proteins,Newly identified sporulation proteins (based on transcription profiling),NA
SW 4.2.1.5,BSU40270,yycP,Lifestyles,Sporulation,Sporulation proteins,Newly identified sporulation proteins (based on transcription profiling),NA
SW 4.2.1.5,BSU40280,yycO,Lifestyles,Sporulation,Sporulation proteins,Newly identified sporulation proteins (based on transcription profiling),NA
SW 4.2.1.5,BSU40290,yycN,Lifestyles,Sporulation,Sporulation proteins,Newly identified sporulation proteins (based on transcription profiling),NA
SW 3.3.4.4,BSU40300,rapG,Information processing,"Protein synthesis, modification and degradation",Protein modification,Protein phosphatases,NA
SW 4.2.1.4,BSU40360,htrC,Lifestyles,Sporulation,Sporulation proteins,Sporulation proteins/ other,NA
SW 4.2.1.5,BSU40430,yycE,Lifestyles,Sporulation,Sporulation proteins,Newly identified sporulation proteins (based on transcription profiling),NA
SW 4.2.1.5,BSU40460,yyzB,Lifestyles,Sporulation,Sporulation proteins,Newly identified sporulation proteins (based on transcription profiling),NA
SW 4.2.1.1.8,BSU40530,cotF,Lifestyles,Sporulation,Sporulation proteins,Spore coat proteins,Not yet assigned
SW 4.2.1.5,BSU40560,yybP,Lifestyles,Sporulation,Sporulation proteins,Newly identified sporulation proteins (based on transcription profiling),NA
SW 4.2.1.1.4,BSU40630,yybI,Lifestyles,Sporulation,Sporulation proteins,Spore coat proteins,Class IV
SW 6.7,BSU40790,yyaO,Groups of genes,Proteins of unknown function,NA,NA,NA
SW 4.2.1.5,BSU40820,yyaL,Lifestyles,Sporulation,Sporulation proteins,Newly identified sporulation proteins (based on transcription profiling),NA
SW 4.2.1.4,BSU40870,ccpB,Lifestyles,Sporulation,Sporulation proteins,Sporulation proteins/ other,NA
SW 4.2.1.4,BSU40880,exoA,Lifestyles,Sporulation,Sporulation proteins,Sporulation proteins/ other,NA
SW 2.1.4,BSU40930,yyaE,Metabolism,Electron transport and ATP synthesis,Electron transport/ other/ based on similarity,NA,NA
SW 4.2.1.4,BSU40940,yyaD,Lifestyles,Sporulation,Sporulation proteins,Sporulation proteins/ other,NA
SW 4.2.1.4,BSU40950,yyaC,Lifestyles,Sporulation,Sporulation proteins,Sporulation proteins/ other,NA
SW 4.2.3,BSU40960,parB,Lifestyles,Sporulation,Sporulation/ other,NA,NA
SW 4.2.3,BSU40970,parA,Lifestyles,Sporulation,Sporulation/ other,NA,NA
SW 3.3.1.8,BSU41010,gidA,Information processing,"Protein synthesis, modification and degradation",Translation,tRNA modification and maturation,NA
SW 3.3.1.8,BSU41020,thdF,Information processing,"Protein synthesis, modification and degradation",Translation,tRNA modification and maturation,NA
SW 4.2.3,BSU41030,jag,Lifestyles,Sporulation,Sporulation/ other,NA,NA
SW 4.2.3,BSU41040,yidC1,Lifestyles,Sporulation,Sporulation/ other,NA,NA
SW 4.2.1.1.8,G8J2-20,cmpA,Lifestyles,Sporulation,Sporulation proteins,Spore coat proteins,Not yet assigned
SW 4.3.17.2,new13482001348403c,spoIISC,Lifestyles,Coping with stress,"Toxins, antitoxins and immunity against toxins",Type 2 TA systems,NA